directory,url,type,why,cost,claim_or_create_url,nap_fields_required,status,notes
Google Business Profile,https://www.google.com/business/,search-map,"Main source for the local pack and Google Maps. One profile per store. Highest priority.",free (Google's own policy text calls it a free tool),https://business.google.com/,name; address; phone; hours; website; primary and secondary categories; photos,todo,"Verified 2026-10-02: the URL redirects to business.google.com. Drafts are in marketing/gbp/. Search Maps for an existing listing first."
Apple Business Connect,https://business.apple.com/,search-map,"Feeds Apple Maps and Siri. Cheap to claim and often forgotten.",not verified this session,https://business.apple.com/,name; address; phone; hours; website; categories,todo,"Verified 2026-10-02: the older businessconnect.apple.com address redirects here. Check Apple's own pages for the current product name before relying on it."
Bing Places for Business,https://www.bing.com/forbusiness/,search-map,"Feeds Bing Maps. The seo-local reference also lists Bing Places as a source for Copilot-style assistants; treat that as a third-party claim.",not verified this session,https://www.bing.com/forbusiness/,name; address; phone; hours; website; categories,todo,"Verified 2026-10-02: bingplaces.com redirects to this page. Bing can import from a Google profile: [CONFIRM] once the GBPs are verified."
Facebook Page,https://www.facebook.com/pages/create/,social,"A findable business page with address, hours and phone. Many customers check it before visiting.",not verified this session,https://www.facebook.com/pages/create/,name; address; phone; hours; website; category,todo,"Create one page for the brand and add the three shops as locations, or three pages: [CONFIRM] with Elie. Meta ad accounts attach to a page, so this is also an ads prerequisite."
Instagram (existing handle),https://www.instagram.com/doughboss,social,"The owner's site and src/lib/seo.ts already link to this handle. Keeps sameAs and profile links consistent.",not verified this session,https://www.instagram.com/doughboss,name; website; phone or email contact button; address if a business account,todo,"Verified 2026-10-02: instagram.com/doughboss responds. [CONFIRM] Elie owns it and it is a business account. Link in bio should carry UTM utm_source=instagram&utm_medium=organic-social."
LinkedIn Company Page,https://www.linkedin.com/company/setup/new/,social,"Corporate and office catering buyers are on LinkedIn. A company page backs up outreach.",not verified this session,https://www.linkedin.com/company/setup/new/,name; website; industry; headquarters address,todo,"Verified 2026-10-02: the URL redirects to a login page, so the host exists. A human with a personal LinkedIn account creates it."
TikTok (optional),https://www.tiktok.com,social,"Optional. The student voucher project report asked for a TikTok handle for the launch site footer.",not verified this session,https://www.tiktok.com,name; website,todo,"Low priority for corporate catering. Do only if Elie wants a short-video channel and has someone to run it."
Yellow Pages Australia,https://www.yellowpages.com.au,directory,"Long-standing Australian directory that other sites copy from.",free listing offered (paid products also exist),https://my.yellow.com.au/online-signup/?referrer=yp_footer,name; address; phone; website; categories; hours,todo,"Verified 2026-10-02 through the site footer ('Get a free listing'). Decline paid upsells unless Elie approves a budget."
True Local,https://www.truelocal.com.au,directory,"Australian directory with reviews. Shares a sign-up with Yellow Pages.",free listing offered,https://my.yellow.com.au/online-signup/?referrer=tl_footer,name; address; phone; website; categories; hours,todo,"Verified 2026-10-02. The sign-up URL matches Yellow Pages, so one account may cover both: [CONFIRM] at sign-up. Do not create duplicates."
White Pages Australia,https://www.whitepages.com.au,directory,"Business listings that feed phone-lookup results.",not verified this session,https://business.whitepages.com.au/products/listing/,name; address; phone,todo,"Verified 2026-10-02: the old listing URL redirects to business.whitepages.com.au. Listing management may be a paid product: [CONFIRM]."
Localsearch,https://www.localsearch.com.au,directory,"Australian local directory and review site.",not verified this session,https://forbusiness.localsearch.com.au/create-profile,name; address; phone; website; categories; hours,todo,"Verified 2026-10-02 (create-profile page responds). Expect sales calls for paid products: decline unless approved."
StartLocal,https://www.startlocal.com.au,directory,"Australian directory organised by category and region.",not verified this session,https://www.startlocal.com.au,name; address; phone; website; categories,todo,"Verified 2026-10-02 (home page loads). The page I read did not show a claim link: [CONFIRM] how to add a listing."
Hotfrog Australia,https://www.hotfrog.com.au,directory,"Free-listing style Australian business directory.",not verified this session,https://www.hotfrog.com.au,name; address; phone; website; categories,todo,"The host exists but returned HTTP 403 to the automated fetch tool (bot protection), so open it in a browser to find the add-business link."
Cylex Australia,https://www.cylex-australia.com,directory,"Smaller directory that data aggregators sometimes read.",not verified this session,https://www.cylex-australia.com,name; address; phone; website; categories,todo,"The host exists but returned HTTP 403 to the automated fetch tool (bot protection). Low priority."
Brownbook,https://www.brownbook.net,directory,"Global open directory. Low value on its own but cheap.",not verified this session,https://www.brownbook.net/add-business,name; address; phone; website; categories,todo,"Verified 2026-10-02 (home page loads; the add-business path redirects to its canonical form). Low priority."
Foursquare,https://foursquare.com,data-provider,"Venue data used by other apps. The seo-local reference lists Foursquare as a data aggregator worth feeding.",not verified this session,https://business.foursquare.com/,name; address; phone; hours; website; categories,todo,"Verified 2026-10-02: the business site responds."
Yelp Australia,https://www.yelp.com.au,review-site,"Review platform. The seo-local reference says AI assistants cite Yelp, Tripadvisor and similar sites.",not verified this session,https://business.yelp.com,name; address; phone; hours; website; categories,todo,"Verified 2026-10-02: the footer links to business.yelp.com ('Claim your Business Page'). Never offer anything for Yelp reviews: Yelp bans review solicitation in its own policies [CONFIRM current wording]."
Tripadvisor Australia,https://www.tripadvisor.com.au,review-site,"Food and venue listings and reviews.",not verified this session,https://www.tripadvisor.com.au,name; address; phone; hours; website; categories,todo,"The host exists but returned HTTP 403 to the automated fetch tool (bot protection). [CONFIRM] whether a takeaway bakery is eligible for a listing and where the claim link is."
Uber Eats (merchant),https://www.ubereats.com/au,delivery-marketplace,"Marketplaces often rank for 'Lebanese bakery near me'. Only relevant if Elie chooses to offer delivery.",unknown (commission and fees not verified),https://www.ubereats.com/au,name; address; phone; hours; menu,todo,"DECISION FOR ELIE, not a task. The host returned HTTP 403 to the fetch tool. Joining means promising delivery, which is a stakes fact needing a confirmed area, fee and lead time. Do not sign up in this plan."
Menulog,https://www.menulog.com.au,delivery-marketplace,"Same as above. Australian delivery marketplace.",unknown (commission and fees not verified),https://www.menulog.com.au,name; address; phone; hours; menu,todo,"DECISION FOR ELIE, not a task. Verified 2026-10-02: the site responds."
DoorDash,https://www.doordash.com/en-AU/,delivery-marketplace,"Same as above.",unknown (commission and fees not verified),https://www.doordash.com/en-AU/,name; address; phone; hours; menu,todo,"DECISION FOR ELIE, not a task. The host returned HTTP 403 to the fetch tool."
Australian Tourism Data Warehouse (ATDW),https://www.atdw-online.com.au,tourism-feed,"Tourism listings flow to sydney.com and other visitor sites. Food and drink is an eligible category in state guides.",free per a search extract (not verified on ATDW's own page),https://www.atdw-online.com.au,name; address; phone; hours; website; images,todo,"Verified 2026-10-02 (home page loads; registration terms and fees were not on the page). [CONFIRM] eligibility for a takeaway bakery and the cost, via support.atdw.com.au or the state tourism body."
Canterbury Bankstown Chamber of Commerce (CBCC),https://cbchamber.org.au,chamber,"The local chamber runs a members directory with a Hospitality category and 'Business After 5' networking (docs/marketing/research/local-demand.md section 4).",membership fee not publicly available,https://cbchamber.org.au/about-us/,name; address; phone; website; category,todo,"Verified 2026-10-02 (site responds to a direct request). Joining is a business decision for Elie. A directory entry on a local chamber is a strong local citation and link."
Western Sydney Business Connection (WSBC),https://wsbc.org.au,chamber,"Regional business network and event partner program (local-demand.md section 4).",membership and sponsorship fees not publicly available,https://wsbc.org.au/membership/,name; address; phone; website,todo,"Verified 2026-10-02: the home page loaded in the fetch tool; the membership page returned HTTP 403 to a direct request, so use a browser."
City of Canterbury-Bankstown: business support,https://www.cbcity.nsw.gov.au/business/business-support-advice-and-training,council,"Council lists chambers and free business advice, and says food premises must register with council. It is not a supplier directory.",free advice per council page,https://www.cbcity.nsw.gov.au/business/business-support-advice-and-training,name; address; phone,todo,"Verified 2026-10-02. Local-demand.md found no local-supplier directory, so the value here is compliance and contacts, not a listing."
City of Canterbury-Bankstown: major events (stallholder EOI),https://www.cbcity.nsw.gov.au/whats/major-festivals-and-events,council,"Council events invite stallholder expressions of interest. A vendor listing on an event page is a local mention.",not publicly available,https://www.cbcity.nsw.gov.au/whats/major-festivals-and-events,name; website; phone; food-safety details,todo,"Verified 2026-10-02. Contacts per the page: events@cbcity.nsw.gov.au and business@cbcity.nsw.gov.au. Vendor selection criteria are not described there."
Business NSW,https://businessnsw.com,chamber,"State chamber. Local chamber members can join Business NSW at no charge per a search extract.",not verified,https://businessnsw.com/about/welcome-to-business-nsw,name; address; phone; website,todo,"The host exists but returned HTTP 403 to the automated fetch tool. [CONFIRM] the benefit and any directory. Low priority, do after CBCC."
Restaurant & Catering Australia (RCA),https://www.rca.asn.au,industry-association,"National body for cafes, restaurants and caterers. A member listing, if any, is a relevant industry citation and credibility signal for catering buyers.",membership fee not publicly available,https://www.rca.asn.au/about-rca,name; address; phone; website,todo,"Verified 2026-10-02 (home page responds). [CONFIRM] whether a public member directory exists."
Baking Association of Australia (BAA),https://www.baa.asn.au,industry-association,"Bakery industry body. Membership brings credibility and trade contacts.",membership fee not publicly available,https://www.baa.asn.au/,name; address; phone; website,todo,"Verified 2026-10-02. The site content read showed no public members directory, so the value is networking and awards, not a citation."
ABN Lookup (Australian Business Register),https://abr.business.gov.au/,reference,"Not a listing. The entity name, ABN and trading names shown here must match nap.json and the legal footer on the website.",free public lookup,https://abr.business.gov.au/,legal entity name; ABN; trading names; state,todo,"Verified 2026-10-02. [CONFIRM] the operating entity and register 'Dough Boss' as a business name if it is not already one."
Weekend Notes,https://www.weekendnotes.com,local-guide,"Sydney local guide that accepts venue listings. Appears in local search for what's-on queries.",not verified this session,https://www.weekendnotes.com,name; address; phone; website; photos,todo,"The host exists but returned HTTP 403 to the automated fetch tool (bot protection). [CONFIRM] how venue submission works and that it is free."
