theme,example_query,intent,funnel,suggested_page,priority,seasonality_note,evidence_url,monthly_volume,notes
Corporate catering,corporate catering Bankstown,local,conversion,/catering/corporate,high,Year-round; no seasonal swing assumed,https://www.airtasker.com/catering/corporate-catering/sydney,,Core money term. Evidence URL shows 'corporate catering' used for Sydney (marketplace page). Pair with Bankstown and Revesby modifiers on the same page.
Corporate catering,corporate catering Sydney south west,commercial,consideration,/catering/corporate,high,Year-round; no seasonal swing assumed,https://www.airtasker.com/catering/corporate-catering/sydney,,Broad regional head term; CBD-focused caterers likely dominate wider Sydney terms (INFERRED).
Office catering,office catering Revesby,local,conversion,/catering/corporate,high,Year-round; no seasonal swing assumed,https://amp.getrocketamp.com/a/s/pen-catering/collections/office-catering,,Evidence URL is a Sydney caterer using 'office catering'. Revesby store is the nearest to local employers; employer density unverified.
Office catering,office catering Sydney,commercial,consideration,/catering/corporate,medium,Year-round; no seasonal swing assumed,https://amp.getrocketamp.com/a/s/pen-catering/collections/office-catering,,Competitive and CBD-skewed (INFERRED); treat as supporting term not a ranking target.
Staff lunch,staff lunch catering,commercial,consideration,/catering/corporate,medium,Year-round; no seasonal swing assumed,,,Evidence not found in this session; term is natural-language (INFERRED). Validate.
Team lunch,team lunch catering Lebanese,commercial,consideration,/catering/corporate,medium,Year-round; no seasonal swing assumed,,,Lebanese qualifier is the differentiator; no direct evidence seen. Validate.
Lunch catering,lunch catering Sydney,commercial,consideration,/catering/corporate,medium,Year-round; no seasonal swing assumed,https://www.airtasker.com/catering/corporate-catering/sydney,,Marketplace page lists 'Lunch Catering' as a category.
Boxed lunches,boxed lunch catering office,commercial,consideration,/catering/corporate,medium,Year-round; no seasonal swing assumed,https://lp.elizabethandrews.com.au/,,Evidence is Melbourne ('desk lunches') and a US Lebanese caterer ('boxed lunches'); individual-pack format must be confirmed as something Dough Boss can do.
Drop-off catering,drop-off catering Bankstown,transactional,conversion,/catering/corporate,high,Year-round; no seasonal swing assumed,https://www.spicenews.com.au/2017/05/platter-wonderland-arrived-sydney/,,Evidence: Sydney caterer uses 'drop-off catering'. Delivery area is only 'Bankstown and nearby' per owner site; radius [CONFIRM].
Recurring orders,weekly office lunch catering,commercial,consideration,/catering/corporate,medium,Year-round; no seasonal swing assumed,,,Recurring accounts are the volume play; no evidence URL. Needs an account/invoice offer to be credible (owner decision).
Catering quote,catering quote Sydney,transactional,conversion,/catering,medium,Year-round; no seasonal swing assumed,,,Conversion query; route to the quote form on the hub. Package prices on site are INDICATIVE only.
Catering pricing,office catering price per person Sydney,informational,consideration,/catering,medium,Year-round; no seasonal swing assumed,,,Do not publish per-head figures until the owner confirms them; use a quote prompt instead.
Christmas party catering,Christmas party catering office,commercial,conversion,/catering/corporate,high,Peaks INFERRED for Oct-Dec (Christmas parties) and around EOFY (30 June); validate in Keyword Planner trend data,https://www.airtasker.com/catering/corporate-catering/sydney,,Marketplace page lists Christmas catering. Nearest seasonal window to today (2 Oct 2026); ship a seasonal block on /catering/corporate rather than a new URL.
Meeting catering,meeting catering platters delivered,commercial,consideration,/catering/corporate,medium,Year-round; no seasonal swing assumed,https://amp.getrocketamp.com/a/s/pen-catering/collections/office-catering,,"Evidence: Sydney caterer lists staff, client and WIP meetings."
Boardroom catering,boardroom lunch catering Sydney,commercial,consideration,/catering/corporate,medium,Year-round; no seasonal swing assumed,,,Term not directly observed; INFERRED from meeting-catering usage. Validate.
Office breakfast,office breakfast catering Sydney,commercial,consideration,/catering/office-breakfast,high,Year-round; no seasonal swing assumed,https://www.airtasker.com/catering/corporate-catering/sydney,,"Marketplace page lists 'Breakfast Catering'. Revesby opens 6:30am (owner claim), which suits early deliveries; Bankstown 7am."
Office breakfast,breakfast catering Bankstown,local,conversion,/catering/office-breakfast,high,Year-round; no seasonal swing assumed,https://www.airtasker.com/catering/corporate-catering/sydney,,Local variant of the above.
Morning tea,morning tea platters office,commercial,consideration,/catering/office-breakfast,high,Year-round; no seasonal swing assumed,https://cateringproject.com.au/items/folder/morning-tea,,SERP title/URL seen for 'Morning Tea Platters' at a Sydney caterer; page itself returned HTTP 403 to the fetch tool.
Breakfast meeting,breakfast meeting catering manoush,commercial,consideration,/catering/office-breakfast,medium,Year-round; no seasonal swing assumed,,,Differentiator for a Lebanese bakery; no evidence of searchers using this exact phrase. Validate.
Breakfast platter,breakfast platter delivery,transactional,conversion,/catering/office-breakfast,medium,Year-round; no seasonal swing assumed,,,Owner site lists breakfast spreads; contents and prices not verified.
Mezze platter,mezze platter delivery Sydney,transactional,conversion,/catering/platters,high,Year-round; no seasonal swing assumed,https://www.spicenews.com.au/2017/05/platter-wonderland-arrived-sydney/,,Evidence: Sydney caterer sells platters with Middle Eastern pastries and dips. Page /catering/platters is a proposed new page.
Grazing platter,grazing platters Sydney,commercial,consideration,/catering/platters,high,Year-round; no seasonal swing assumed,https://www.cateringproject.com.au/grazing,,SERP-seen grazing category at a Sydney caterer (page 403 to fetch tool). Heavily contested by specialist platter businesses.
Lunch grazing,lunch grazing boxes office,commercial,consideration,/catering/platters,medium,Year-round; no seasonal swing assumed,https://www.cateringproject.com.au/lunch-grazing,,SERP-seen category; 'box' format needs a packaging decision.
Grazing table,grazing table catering Sydney,commercial,consideration,/catering/events,medium,Year-round; no seasonal swing assumed,https://www.spicenews.com.au/2017/05/platter-wonderland-arrived-sydney/,,Grazing tables need setup and styling capability [CONFIRM] before targeting.
Mezze grazing,mezze style grazing table Lebanese,commercial,consideration,/catering/platters,medium,Year-round; no seasonal swing assumed,https://assets.oneflare.com.au/b/sammy-s-catering-co,,SERP snippet: a Sydney Lebanese caterer offers 'Mezze Style Grazing tables' (page not fetchable).
Lebanese pastry platter,Lebanese savoury pastry platter,transactional,conversion,/catering/platters,high,Year-round; no seasonal swing assumed,https://bryanbrowntheatre.cbcity.nsw.gov.au/sites/default/files/2026-02/BLaKC_Catering_Menu.pdf,,"Observed on a Bankstown venue's catering menu (PDF, 2026-02): 'Mixed Lebanese Savoury Pastry Platter'. Shows the product term is used locally."
Lebanese catering,Lebanese catering Sydney,commercial,consideration,/catering,high,Year-round; no seasonal swing assumed,https://cbchamber.org.au/member/al-aseel/,,"Al Aseel (Greenacre catering kitchen, per SERP snippet) is an established competitor. Chamber page returned HTTP 403 to fetch tool."
Lebanese catering,Lebanese catering Bankstown,local,conversion,/catering,high,Year-round; no seasonal swing assumed,https://cbchamber.org.au/member/al-aseel/,,Local competition includes restaurants with catering arms (INFERRED from SERP).
Lebanese party food,Lebanese party platters,commercial,consideration,/catering/events,medium,Year-round; no seasonal swing assumed,https://www.lebanesetaverna.com/blog-1-copy-1-1/wseuzsgk62v51vvvushika5tge2z4y-9z7xr-xlmaw-r88el-xdhyx-cpmfr-m424m-ewgdm-p973x-cjzps,,Evidence is a US caterer (DC area); used only to show phrase pattern.
Manoush catering,manoush catering platter,commercial,consideration,/catering/platters,high,Year-round; no seasonal swing assumed,https://www.timeout.com/sydney/restaurants/mt-lewis-pizzeria,,"Time Out (2023) uses 'manoush' and 'Lebanese pizza' for a Bankstown venue. Spelling variants (manoushe, manakish, manaeesh) are INFERRED; check each in Keyword Planner."
Manoush bulk,bulk manoush order za'atar,transactional,conversion,/catering/platters,medium,Year-round; no seasonal swing assumed,,,Volume play. Za'atar and cheese variants widely served locally (OBSERVED at the Time Out URL).
Lebanese pizza,Lebanese pizza party platter,commercial,consideration,/catering/events,medium,Year-round; no seasonal swing assumed,https://www.timeout.com/sydney/restaurants/mt-lewis-pizzeria,,'Lebanese pizza' used by Time Out to describe manoush.
Pastries,fatayer sambousek catering platter,commercial,consideration,/catering/platters,medium,Year-round; no seasonal swing assumed,https://www.timeout.com/sydney/restaurants/mt-lewis-pizzeria,,Sambousek appears on the Time Out menu description; confirm Dough Boss range first.
Pastry platter,pastry platter office delivery,commercial,consideration,/catering/office-breakfast,medium,Year-round; no seasonal swing assumed,https://bryanbrowntheatre.cbcity.nsw.gov.au/sites/default/files/2026-02/BLaKC_Catering_Menu.pdf,,Bankstown venue sells a pastry platter (see Lebanese pastry platter row).
Party catering,party catering south west Sydney,commercial,consideration,/catering/events,high,Year-round; no seasonal swing assumed,https://www.airtasker.com/catering/corporate-catering/sydney,,"Marketplace page uses 'function, party, or corporate events'."
Birthday catering,birthday party platters Bankstown,local,conversion,/catering/events,medium,Weekend-skewed; no seasonal assumption,,,No evidence URL found; INFERRED.
Function catering,function catering Bankstown,local,consideration,/catering/events,medium,Year-round; no seasonal swing assumed,https://www.airtasker.com/catering/corporate-catering/sydney,,'Function' is the AU marketplace term.
Pizza catering,pizza catering Sydney party,commercial,consideration,/catering/events,medium,Year-round; no seasonal swing assumed,https://www.easyweddings.com.au/WeddingCaterers/Sydney/WheelieGreatPizzas/,,Mobile wood-fired pizza caterers dominate this term (OBSERVED); different service model from Dough Boss. Qualify with Lebanese.
Large group order,large group pizza order Sydney,transactional,conversion,/catering,medium,Year-round; no seasonal swing assumed,,,"Volume play. Revesby caterer in SERP advertises pizza, buffet and spit-roast catering."
Finger food,finger food catering Sydney,commercial,consideration,/catering/minis,high,Year-round; no seasonal swing assumed,https://www.top4.com.au/business/fabulous-catering-110624,,SERP-seen Sydney caterer category. Minis line is upcoming; page gated on launch and product facts [CONFIRM].
Bite-sized food,bite sized party food,commercial,awareness,/catering/minis,medium,Year-round; no seasonal swing assumed,https://raindrop.io/Cateredbymatt/catered-by-matt-56891998,,Evidence: Sydney caterer describes 'bite-sized creations'.
Mini pizzas,mini pizza party platter,transactional,conversion,/catering/minis,high,Year-round; no seasonal swing assumed,,,"Brand-fit with Minis; no evidence found for the exact phrase. Size, count and price all unverified."
Party food,party food platter delivery,commercial,consideration,/catering/minis,medium,Year-round; no seasonal swing assumed,,,General term; validate.
School events,school event catering Sydney,commercial,consideration,/catering/events,low,School-term dependent; check NSW term dates,https://www.cateringproject.com.au/catering-project-sydney,,SERP snippet: a Sydney caterer lists schools and universities. School canteen and food-policy rules may apply to supplying schools; verify before targeting.
Fundraising,school fundraiser food platters,informational,awareness,/catering/events,low,School-term dependent,https://corrimal-p.schools.nsw.gov.au/content/dam/doe/sws/schools/c/corrimal-p/notes/2019_Education_Week_PC_Platter_Note_.pdf,,"Evidence: a NSW school (Corrimal, 2019) used 'platter' for an Education Week event. Weak signal."
Community events,community event catering Canterbury-Bankstown,local,consideration,/catering/events,medium,Tied to council event calendar,,,Council runs Lakemba Nights each Ramadan; council events may use caterers or stallholders (EOI pathway not checked).
Iftar catering,iftar catering Sydney,commercial,consideration,/catering/ramadan-iftar,high,"Ramadan 2027 expected 8 Feb - 9 Mar, Eid al-Fitr 10 Mar (moon sighting; ANIC confirms)",https://www.timeout.com/sydney/restaurants/where-to-break-fast-this-ramadan,,"Sydney venues advertise iftar offers (Time Out, 2025). Catering-specific demand is INFERRED. Page is a proposed new, permanent URL refreshed yearly."
Iftar boxes,iftar boxes Bankstown,transactional,conversion,/catering/ramadan-iftar,high,Same Ramadan window as above,https://www.timeout.com/sydney/restaurants/where-to-break-fast-this-ramadan,,Time Out names a Sydney venue selling 'iftar boxes'. Pre-order and pickup/delivery window needed: stores close mid-afternoon (owner claim) and iftar is after sunset (INFERRED).
Corporate iftar,office iftar catering workplace,commercial,consideration,/catering/ramadan-iftar,medium,Ramadan window,,,Workplace iftars are INFERRED demand; no direct evidence. Wego page is used only for the expected dates.
Eid catering,Eid party platters Sydney,commercial,consideration,/catering/ramadan-iftar,medium,Eid al-Fitr expected 10 Mar 2027; Eid al-Adha dates not verified,,,Eid al-Adha 2027 dates conflicted across sources in this session; confirm via ANIC before planning.
Halal,halal catering Sydney,commercial,consideration,/catering/dietary,medium,Year-round; no seasonal swing assumed,https://lp.elizabethandrews.com.au/,,Evidence is Melbourne and a US caterer. Dough Boss halal status is NOT in the known facts: [CONFIRM] certification before using the word.
Vegan catering,vegan catering platters Sydney,commercial,consideration,/catering/dietary,medium,Year-round; no seasonal swing assumed,https://cateringproject.com.au/items/category/vegan,,SERP-seen vegan category at a Sydney caterer. Owner site claims vegan options.
Vegetarian catering,vegetarian office catering,commercial,consideration,/catering/dietary,medium,Year-round; no seasonal swing assumed,https://www.oneflare.com.au/b/pepperberry-catering,,"Evidence: Penrith caterer lists vegan, vegetarian and gluten-free menus. Lebanese menus are naturally vegetarian-friendly (INFERRED)."
Gluten-free catering,gluten free catering Sydney,commercial,consideration,/catering/dietary,medium,Year-round; no seasonal swing assumed,https://www.cateringproject.com.au/items/category/gluten-free,,A bakery using wheat dough carries cross-contamination risk; wording must match how the kitchen actually handles it [CONFIRM].
Local: Revesby,catering Revesby,local,conversion,/locations/revesby,high,Year-round; no seasonal swing assumed,https://www.oneflare.com.au/b/catering-kings,,"SERP: a Revesby caterer (pizza, spit roast, buffet) appears. Store: 12/25 Selems Parade."
Local: Bankstown,catering Bankstown,local,conversion,/locations/bankstown,high,Year-round; no seasonal swing assumed,https://cbchamber.org.au/member/al-aseel/,,Store: 462 Chapel Rd.
Local: Roselands,catering Roselands,local,conversion,/locations/roselands,high,Year-round; no seasonal swing assumed,,,Store: Shop MM03 Roselands Centro. Roselands is in the Canterbury-Bankstown LGA (Wikipedia).
Local: Padstow,catering Padstow,local,conversion,/locations/revesby,medium,Year-round; no seasonal swing assumed,,,In the Canterbury-Bankstown LGA. Assign by nearest store once the delivery radius is confirmed; no standalone suburb page (doorway risk).
Local: Panania,catering Panania,local,conversion,/locations/revesby,medium,Year-round; no seasonal swing assumed,,,As Padstow.
Local: Milperra,catering Milperra,local,conversion,/locations/revesby,medium,Year-round; no seasonal swing assumed,,,"Possible employer area (INFERRED, unverified). As Padstow."
Local: Condell Park,catering Condell Park,local,conversion,/locations/bankstown,medium,Year-round; no seasonal swing assumed,,,As Padstow.
Local: Lakemba,catering Lakemba,local,conversion,/locations/roselands,medium,Higher at Ramadan (INFERRED),,,"Lakemba hosts council-run Lakemba Nights during Ramadan (OBSERVED, 2026 edition)."
Local: LGA,catering Canterbury-Bankstown,local,consideration,/catering,medium,Year-round; no seasonal swing assumed,,,LGA name as a searcher modifier is INFERRED; check usage.
Local: region,catering south west Sydney,local,consideration,/catering,medium,Year-round; no seasonal swing assumed,,,Region phrase; validate against 'western Sydney'.
Near me,catering near me,local,conversion,/catering,high,Year-round; no seasonal swing assumed,https://www.airtasker.com/catering/corporate-catering/sydney,,"Marketplace page uses 'Best rated caterers near me'. Cannot be targeted by a page, so rely on Google Business Profile and location pages."
Near me,office lunch delivery near me,local,conversion,/catering/corporate,medium,Year-round; no seasonal swing assumed,,,INFERRED.
Near me,Lebanese bakery catering near me,local,conversion,/catering,medium,Year-round; no seasonal swing assumed,,,INFERRED.
Order online,order catering online Sydney,transactional,conversion,/catering,medium,Year-round; no seasonal swing assumed,,,Only valuable if ordering or quoting is live online.
