target,url,type,why_relevant,angle,asset_needed,priority,source_url
Canterbury Bankstown Chamber of Commerce: members directory,https://cbchamber.org.au,chamber-directory,"The local chamber runs a members directory with a Hospitality category. A member page on a local chamber site is a relevant local link and brings the business into the local network.","Join as a member and complete the directory profile with the verified NAP. Fee is not publicly available, so this is Elie's decision.","Short factual business profile (name, three addresses, phones, hours from nap.json); logo; one real shop photo.",high,https://cbchamber.org.au/about-us/
Canterbury Bankstown Chamber of Commerce: Business After 5 networking,https://cbchamber.org.au/category/networking/,event-sponsorship,"The chamber runs regular networking events where sponsors and hosts are named on the event page. Direct line to office and trade buyers in the area.","Attend first. If it suits, offer to supply or sponsor a Business After 5 once catering facts (lead time, capacity, minimums) are confirmed.","Catering one-pager built only from confirmed ledger facts; allergen matrix; a named contact.",medium,https://cbchamber.org.au/category/networking/
Western Sydney Business Connection: event partner program,https://wsbc.org.au/upcoming-events/events-partnership/,event-sponsorship,"Regional business network with an event partner program and luncheons. Partners are listed on event pages and promotion.","Ask whether catering for its events is open to local suppliers and how event partners are chosen. Pricing is not public.","Catering one-pager; capability statement; references only from real customers who agree.",medium,https://wsbc.org.au
Canterbury-Bankstown Council: business events and forums,https://www.cbcity.nsw.gov.au/business/business-events,council-relationship,"Council runs business forums such as CBEvolve and invites topic suggestions. Contact: business@cbcity.nsw.gov.au. The page does not mention local suppliers or catering.","Introduce Dough Boss as a local food business by email to the business team and ask how local suppliers are considered for council events. A relationship, not a link request.","One-paragraph introduction; catering one-pager; food business registration details [CONFIRM].",medium,https://www.cbcity.nsw.gov.au/business/business-events
Canterbury-Bankstown Council: major events (stallholder expressions of interest),https://www.cbcity.nsw.gov.au/whats/major-festivals-and-events,council-event,"Council events such as Bankstown Bites and Lakemba Nights take stallholder expressions of interest. A vendor mention on an event page is a local citation and audience.","Apply as a stallholder for a 2027 event when dates and criteria are published. Contacts per the page: events@cbcity.nsw.gov.au.","Food-safety and insurance documents [CONFIRM]; stall plan; menu with confirmed allergen information.",medium,https://www.cbcity.nsw.gov.au/whats/major-festivals-and-events
Canterbury-Bankstown Council: Events Partnership Program,https://www.cbcity.nsw.gov.au/whats/major-festivals-and-events/events-partnership-program,council-funding,"Match-funding for community events with 3,000 or more attendees. Relevant only if Dough Boss runs or co-runs a public event.","Do not pursue now. Revisit if a public Dough Boss event is planned. The page showed a past deadline, so do not rely on it.","A two-page event proposal, only if an event is planned.",low,https://www.cbcity.nsw.gov.au/whats/major-festivals-and-events/events-partnership-program
Lakemba Mosque (Lebanese Muslim Association): community iftar partnership,https://www.lma.org.au/ramadan-2025,community-organisation,"The page invites sponsorship and partnership enquiries for a weekly community iftar during Ramadan. A respectful supplier or sponsor relationship can earn a mention from a large community organisation.","One respectful enquiry ahead of Ramadan 2027 (expected to start 8 February 2027, subject to moon sighting). Offer to supply or sponsor. Do not assume they take commercial suppliers, and do not claim halal status without confirmation.","Confirmed halal position [CONFIRM]; allergen matrix; a named contact; no discount or promotional offer in the first message.",medium,https://www.lma.org.au/ramadan-2025
Aeria (Bankstown Airport precinct) newsletter,https://aeria.co/bankstown/property/,precinct-newsletter,"The precinct manager runs a newsletter for news and events across 160-plus businesses (council figure, November 2023). A tenant newsletter mention reaches shift-based and training-day buyers.","Ask how local suppliers can be listed or featured. Listing programs are not publicly confirmed.","Catering one-pager; early-morning dispatch and hot-food facts [CONFIRM].",low,https://aeria.co/bankstown/property/
Western Sydney University: Bankstown City campus,https://www.westernsydney.edu.au/future/our-campuses/bankstown-city,university,"A campus in the Bankstown CBD with thousands of students and staff (3,965 students listed Bankstown as home campus at 17 March 2025, per a search extract of a university answer to Parliament; the closeness to the shop is not measured). Campus events and student services are repeat buyers and sources of local-business mentions.","Ask campus events and student services whether a local supplier or local-business page exists. If the student voucher scheme is public, ask whether student bodies list local offers. Procurement rules are not public.","Catering one-pager; the voucher terms as published [CONFIRM they can be shown to third parties].",medium,https://www.westernsydney.edu.au/westerngrowth/projects/bankstown-city-campus.html
TAFE NSW Bankstown,https://www.tafensw.edu.au,education,"A TAFE campus in the Bankstown CBD. Student services and events teams buy catering and promote local student offers.","Ask the Bankstown campus student services or events team how local suppliers are listed. Student numbers are not public.","Catering one-pager; student voucher terms as published [CONFIRM].",low,https://swsi.tafensw.edu.au/Colleges/find-a-college/bankstown
Bankstown-Lidcombe Hospital and South Western Sydney Local Health District,https://www.swslhd.health.nsw.gov.au,health,"The largest employing industry in the council area is health care. Departments run education sessions and morning teas.","Do not cold-email. Ask department administrators for the proper route. Hospital rules on outside food and allergen control are unknown. Lowest priority until allergen documentation is ready.","Full allergen matrix; food-safety documents [CONFIRM].",low,https://www.swslhd.health.nsw.gov.au/Bankstown/RMO/about_us.html
Time Out Sydney: restaurants and cafes,https://www.timeout.com/sydney/restaurants-cafes,local-press,"Time Out Sydney has published manoush and iftar round-ups. Inclusion in a round-up is an earned editorial link.","Pitch a Lebanese bakery story for the manoush list, with the real, factual angle from digital-pr-angles.md. No payment for placement.","Press note; 3 to 5 real photos from the shops; named spokesperson.",medium,https://www.timeout.com/sydney/restaurants/where-to-break-fast-this-ramadan
Broadsheet Sydney,https://www.broadsheet.com.au,local-press,"Broadsheet has covered Sydney manoush bakeries. A mention is an earned editorial link from a well-read food site.","Short pitch about the three shops and the new catering offer once confirmed. No payment for placement.","Press note; real photos; contact details.",medium,https://www.broadsheet.com.au
Concrete Playground Sydney,https://concreteplayground.com/sydney,local-press,"Sydney food and events site that covers new openings and food trends.","Pitch the Bankstown opening story if and when it is confirmed.","Press note; real photos.",low,https://concreteplayground.com/sydney
Good Food (Sydney Morning Herald),https://www.smh.com.au/goodfood,national-press,"National food section with Sydney coverage. A long shot but a strong link if earned.","Pitch only a genuinely newsworthy angle, such as the dual-brand Bankstown launch, once documented.","Press note; real photos; verified facts.",low,https://www.smh.com.au/goodfood
SBS Food,https://www.sbs.com.au/food,national-press,"SBS Food covers cultural food stories, including Lebanese food in Sydney.","Offer a story angle about Lebanese baking in the south-west, led by the owner's own account. No claims we cannot support.","Owner interview notes; real photos; confirmed history facts [CONFIRM: since-2009 claim].",low,https://www.sbs.com.au/food
Weekend Notes,https://www.weekendnotes.com,local-guide,"A Sydney guide where venues and events are listed. Appears in local search for what's-on queries.","Create a venue listing for each shop once the profiles are verified. Free to list is not verified.","NAP from nap.json; two real photos per shop.",low,https://www.weekendnotes.com
Western Sydney Business Access (Western Sydney Express),https://www.accessnews.com.au/contact-us,business-press,"A print and digital publisher covering Western Sydney business and hospitality, with a monthly magazine. Local business news fits.","Send a short, factual story about a Bankstown opening or a new catering offer to the editor through the contact page.","Press note; real photos; named spokesperson.",medium,https://www.accessnews.com.au
SourceBottle (journalist call-outs),https://www.sourcebottle.com/subscribe.asp,media-callouts,"Australian service where journalists post requests for sources. Signing up as a source is free and brings relevant requests by email.","Sign up as a source in food, small business and local community categories. Reply only when Dough Boss can genuinely help, with confirmed facts.","Spokesperson bio; one-page fact sheet from the claims ledger; photos.",medium,https://www.sourcebottle.com/
Hospitality Magazine,https://www.hospitalitymagazine.com.au/about-us/,trade-press,"Australian trade publication for food, beverage and venues. Dual-brand and multi-site stories can fit.","Pitch the Bankstown dual-brand launch once the facts are documented. There is no dedicated editorial email on the page; use its social channels or contact route.","Press note; real photos; confirmed launch facts.",low,https://www.hospitalitymagazine.com.au
Baking Business,https://bakingbusiness.com.au/contact-us/,trade-press,"Trade publication for Australian bakeries, with news and bakery profiles. Contact: info@bakingbusiness.com.au.","Pitch a bakery profile or the move into catering and party bites. Facts first.","Press note; real photos; confirmed facts only.",medium,https://bakingbusiness.com.au
Baking Association of Australia,https://www.baa.asn.au,industry-association,"Industry body with member news, competitions and awards. No public members directory was seen.","Consider membership for credibility and awards. Do not list an award until one is won and confirmed.","Membership application [CONFIRM fee].",low,https://www.baa.asn.au/
Restaurant & Catering Australia,https://www.rca.asn.au/about-rca,industry-association,"National body for cafes, restaurants and caterers. Membership signals standing to corporate catering buyers.","Consider membership once catering is a confirmed line. Check for a public member directory.","Membership application [CONFIRM fee].",low,https://www.rca.asn.au/about-rca
Snow Boss partner pages and social accounts,https://www.instagram.com/snowboss,partner-cross-link,"Snow Boss is the partner brand in the Bankstown shop (locations page: 'coming soon', and the voucher project report). A cross-mention between the two brands is a natural, honest link.","Agree a joint announcement and reciprocal mentions with the partner. Only state what the partners have both approved.","Joint announcement text [CONFIRM]; shared photos; the partner's logo and permission.",high,https://www.instagram.com/snowboss
Sydney.com (via ATDW listing),https://www.sydney.com,tourism-feed,"Tourism listings entered on ATDW flow to sydney.com and other visitor sites. A food and drink listing, if a bakery is eligible, creates a high-authority link.","Register on ATDW and ask whether a takeaway bakery is eligible. Fees were not verified.","NAP from nap.json; real photos; a short description from the ledger.",low,https://www.atdw-online.com.au
