segment,example_organisation_type,nearest_store,why_they_buy_catering,best_offer,first_channel,priority,source_url
Small and mid offices in Bankstown CBD,"Council-adjacent offices, professional services, agencies near Bankstown Station",bankstown,"Repeatable weekday meetings and staff events; role-based contacts such as office managers and executive assistants (INFERRED)",Office breakfast then team-lunch grazing,"Role-based email under the conspicuous-publication test, then a phone call to the published office line",P1,https://www.cbcity.nsw.gov.au/council/about-us/wards-suburbs
Professional offices around Selems Parade Revesby,"Accountants, agents, medical and legal practices, banks on the Revesby strip",revesby,"Morning teas, client-meeting platters and staff celebrations for small offices (INFERRED)",Office breakfast and small meeting platters,"Revesby store Google Business Profile plus role-based email to published office addresses",P1,https://www.commercialrealestate.com.au/property/4-10-selems-parade-revesby-nsw-2212-9393715
Industrial and trade depots in Milperra and Revesby,"Warehouse, distribution and trade businesses in the Milperra industry parks",revesby,"Small office plus a depot team: toolbox meetings, induction days, Friday team lunches, end-of-year events (INFERRED)",Depot breakfast and a standing Friday lunch order,"Geo-targeted search ads and role-based email to published operations or office contacts",P1,https://au.esr.com/properties/milperra-industry-park/
Business parks in Condell Park and Chullora,"Head offices and operations centres in the Bankstown M5 and Chullora estates",bankstown,"Head-office staff meetings, product events and shift-based teams (INFERRED)",Office breakfast and team-lunch grazing,"Role-based email to office managers and executive assistants",P2,https://en.wikipedia.org/wiki/Chullora
Universities and TAFE in the Bankstown CBD,"University campus and TAFE college events and student-services teams",bankstown,"Orientation weeks, open days, committee meetings and staff events; supplier panel rules are not public (INFERRED)",Meeting platters and event platters,"Role-based email to events and executive-assistant roles; ask how a local supplier gets listed",P2,https://www.westernsydney.edu.au/westerngrowth/projects/bankstown-city-campus.html
Local government and library teams,"Council administration, library and community-services teams",bankstown,"Committee meetings, consultations, staff events and community programs; procurement rules are not public (INFERRED)",Meeting breakfast and event platters,"Published role-based business contact plus a request for supplier-panel information",P2,https://www.cbcity.nsw.gov.au/business/business-support-advice-and-training
Bankstown Airport precinct tenants,"Flying schools, training facilities, maintenance and logistics businesses at the airport precinct",bankstown,"Multi-day training courses and shift-based sites that may be far from food outlets (INFERRED)",Training-day breakfast and lunch spreads,"Precinct newsletter or manager enquiry first; then operations managers by role-based email",P2,https://aeria.co/bankstown/property/
Hospital and health administration,"Departmental administrators and clinical-education coordinators",bankstown,"Education sessions, department meetings and farewells; outside-food and allergen rules are unknown (INFERRED)",Morning-tea platters with an allergen matrix attached,"Published departmental contact only; lower priority until allergen paperwork is ready",P3,https://www.swslhd.health.nsw.gov.au/Bankstown/RMO/about_us.html
Community and faith organisations around Lakemba,"Community groups, mosques and cultural organisations hosting gatherings and fundraisers",roselands,"Gatherings, fundraisers and seasonal events where trust and clear dietary labelling matter (INFERRED)",Event platters and mezze trays,"Respectful direct enquiry through the organisation's published contact point; no ad targeting by religion or ethnicity",P2,https://www.lma.org.au/ramadan-2025
Shopping centre management and marketing teams,"Centre management at Roselands and neighbouring offices",roselands,"Promotions, staff events and tenant functions (INFERRED)",Event platters and meeting breakfast,"Store Google Business Profile and a conversation with centre management about events",P3,https://shoppingcentrenews.com.au/latest-news/industry-news/homeco-roselands-poised-to-undergo-100-million-redevelopment/
Chambers and business-network event organisers,"Local chamber of commerce and regional business networks running breakfasts and luncheons",bankstown,"Networking breakfasts, luncheons and workshops need a caterer; also a referral source (INFERRED)",Event platters and meeting breakfast,"Member enquiry or sponsorship conversation; attend as a guest first",P2,https://cbchamber.org.au/about-us/
Council festival and event organisers,"Council events team running community festivals and Ramadan and Christmas events",bankstown,"Volunteer, staff and VIP catering behind public festivals; stallholder route is separate (INFERRED)",Event platters,"Published events contact; ask about expressions of interest",P3,https://www.cbcity.nsw.gov.au/whats/major-festivals-and-events
Function venues as referral partners,"Club and venue function teams that run their own kitchens",revesby,"Mostly competitors for large functions; may need outside items for some events (policy unknown, INFERRED)",Referral conversation only,"Hold until a proven corporate offer exists",P3,https://bare.com.au/venues/revesby-workers-club
