campaign,ad_group,type,text,pin_position,char_count
DB | Search | Corporate Office Catering,CORP | Corporate Catering,headline,Corporate Catering Enquiries,,28
DB | Search | Corporate Office Catering,CORP | Corporate Catering,headline,Corporate Catering Quote,,24
DB | Search | Corporate Office Catering,CORP | Corporate Catering,headline,Corporate Catering Bankstown,,28
DB | Search | Corporate Office Catering,CORP | Corporate Catering,headline,Corporate Catering Revesby,,26
DB | Search | Corporate Office Catering,CORP | Corporate Catering,headline,Catering For Corporate Teams,,28
DB | Search | Corporate Office Catering,CORP | Corporate Catering,headline,Plan Your Corporate Catering,,28
DB | Search | Corporate Office Catering,CORP | Corporate Catering,headline,Lebanese Corporate Catering,,27
DB | Search | Corporate Office Catering,CORP | Corporate Catering,headline,Request A Catering Quote,,24
DB | Search | Corporate Office Catering,CORP | Corporate Catering,headline,Get A Catering Quote,,20
DB | Search | Corporate Office Catering,CORP | Corporate Catering,headline,Tell Us Date And Headcount,,26
DB | Search | Corporate Office Catering,CORP | Corporate Catering,headline,Send Your Catering Enquiry,,26
DB | Search | Corporate Office Catering,CORP | Corporate Catering,headline,Enquire Online Or By Phone,,26
DB | Search | Corporate Office Catering,CORP | Corporate Catering,headline,Tell Us What You Need,,21
DB | Search | Corporate Office Catering,CORP | Corporate Catering,headline,Add Dietary Needs To Quote,,26
DB | Search | Corporate Office Catering,CORP | Corporate Catering,headline,Revesby Bankstown Roselands,,27
DB | Search | Corporate Office Catering,CORP | Corporate Catering,description,Corporate catering enquiries from offices and teams. Tell us where you are.,,75
DB | Search | Corporate Office Catering,CORP | Corporate Catering,description,"Planning corporate catering? Send the date, headcount and dietary needs and we'll quote.",,88
DB | Search | Corporate Office Catering,CORP | Corporate Catering,description,"Tell us the date, headcount and dietary needs and we'll come back with a quote.",,79
DB | Search | Corporate Office Catering,CORP | Corporate Catering,description,"Dough Boss is a Lebanese bakery with stores in Revesby, Bankstown and Roselands Centro.",,87
DB | Search | Corporate Office Catering,CORP | Office Catering,headline,Office Catering Enquiries,,25
DB | Search | Corporate Office Catering,CORP | Office Catering,headline,Office Catering Quote,,21
DB | Search | Corporate Office Catering,CORP | Office Catering,headline,Office Catering Revesby,,23
DB | Search | Corporate Office Catering,CORP | Office Catering,headline,Office Catering Bankstown,,25
DB | Search | Corporate Office Catering,CORP | Office Catering,headline,Catering For Your Office,,24
DB | Search | Corporate Office Catering,CORP | Office Catering,headline,Plan Your Office Catering,,25
DB | Search | Corporate Office Catering,CORP | Office Catering,headline,Lebanese Office Catering,,24
DB | Search | Corporate Office Catering,CORP | Office Catering,headline,Send Your Catering Enquiry,,26
DB | Search | Corporate Office Catering,CORP | Office Catering,headline,Enquire Online Or By Phone,,26
DB | Search | Corporate Office Catering,CORP | Office Catering,headline,Tell Us What You Need,,21
DB | Search | Corporate Office Catering,CORP | Office Catering,headline,Add Dietary Needs To Quote,,26
DB | Search | Corporate Office Catering,CORP | Office Catering,headline,Revesby Bankstown Roselands,,27
DB | Search | Corporate Office Catering,CORP | Office Catering,headline,Stores In South West Sydney,,27
DB | Search | Corporate Office Catering,CORP | Office Catering,headline,Dough Boss Lebanese Bakery,,26
DB | Search | Corporate Office Catering,CORP | Office Catering,headline,Lebanese Bakery In Bankstown,,28
DB | Search | Corporate Office Catering,CORP | Office Catering,description,"Office catering enquiries. Dough Boss has stores in Revesby, Bankstown and Roselands.",,85
DB | Search | Corporate Office Catering,CORP | Office Catering,description,Feeding the office? Tell us the date and headcount and we'll come back with a quote.,,84
DB | Search | Corporate Office Catering,CORP | Office Catering,description,"Dough Boss is a Lebanese bakery with stores in Revesby, Bankstown and Roselands Centro.",,87
DB | Search | Corporate Office Catering,CORP | Office Catering,description,Request a quote online or call your nearest store. Hours are on each store page.,,80
DB | Search | Corporate Office Catering,CORP | Staff And Team Lunch,headline,Staff Lunch Catering,,20
DB | Search | Corporate Office Catering,CORP | Staff And Team Lunch,headline,Team Lunch Catering,,19
DB | Search | Corporate Office Catering,CORP | Staff And Team Lunch,headline,Team Lunch Quote Request,,24
DB | Search | Corporate Office Catering,CORP | Staff And Team Lunch,headline,Staff Lunch Enquiries,,21
DB | Search | Corporate Office Catering,CORP | Staff And Team Lunch,headline,Lunch For Your Team,,19
DB | Search | Corporate Office Catering,CORP | Staff And Team Lunch,headline,Weekly Office Lunch Enquiry,,27
DB | Search | Corporate Office Catering,CORP | Staff And Team Lunch,headline,Ask About Regular Orders,,24
DB | Search | Corporate Office Catering,CORP | Staff And Team Lunch,headline,Add Dietary Needs To Quote,,26
DB | Search | Corporate Office Catering,CORP | Staff And Team Lunch,headline,Revesby Bankstown Roselands,,27
DB | Search | Corporate Office Catering,CORP | Staff And Team Lunch,headline,Stores In South West Sydney,,27
DB | Search | Corporate Office Catering,CORP | Staff And Team Lunch,headline,Dough Boss Lebanese Bakery,,26
DB | Search | Corporate Office Catering,CORP | Staff And Team Lunch,headline,Lebanese Bakery In Bankstown,,28
DB | Search | Corporate Office Catering,CORP | Staff And Team Lunch,headline,Call Your Nearest Dough Boss,,28
DB | Search | Corporate Office Catering,CORP | Staff And Team Lunch,headline,"Manoush, Pizza And Pies",,23
DB | Search | Corporate Office Catering,CORP | Staff And Team Lunch,headline,Catering Boxes For Your Team,,28
DB | Search | Corporate Office Catering,CORP | Staff And Team Lunch,description,"Team lunch catering enquiries. Tell us the day, headcount and dietary needs for a quote.",,88
DB | Search | Corporate Office Catering,CORP | Staff And Team Lunch,description,Want lunch on a regular basis? Ask about regular orders when you enquire.,,73
DB | Search | Corporate Office Catering,CORP | Staff And Team Lunch,description,Request a quote online or call your nearest store. Hours are on each store page.,,80
DB | Search | Corporate Office Catering,CORP | Staff And Team Lunch,description,Mention allergies and dietary needs when you enquire and we'll talk them through with you.,,90
DB | Search | Corporate Office Catering,CORP | Drop-Off And Boxed Lunch,headline,Drop-Off Catering Enquiry,,25
DB | Search | Corporate Office Catering,CORP | Drop-Off And Boxed Lunch,headline,Ask About Drop-Off Catering,,27
DB | Search | Corporate Office Catering,CORP | Drop-Off And Boxed Lunch,headline,Boxed Lunch Enquiries,,21
DB | Search | Corporate Office Catering,CORP | Drop-Off And Boxed Lunch,headline,Office Lunch Catering,,21
DB | Search | Corporate Office Catering,CORP | Drop-Off And Boxed Lunch,headline,Ask About Boxed Lunches,,23
DB | Search | Corporate Office Catering,CORP | Drop-Off And Boxed Lunch,headline,Catering Boxes For Offices,,26
DB | Search | Corporate Office Catering,CORP | Drop-Off And Boxed Lunch,headline,Tell Us Your Office Address,,27
DB | Search | Corporate Office Catering,CORP | Drop-Off And Boxed Lunch,headline,Dough Boss Lebanese Bakery,,26
DB | Search | Corporate Office Catering,CORP | Drop-Off And Boxed Lunch,headline,Lebanese Bakery In Bankstown,,28
DB | Search | Corporate Office Catering,CORP | Drop-Off And Boxed Lunch,headline,Call Your Nearest Dough Boss,,28
DB | Search | Corporate Office Catering,CORP | Drop-Off And Boxed Lunch,headline,"Manoush, Pizza And Pies",,23
DB | Search | Corporate Office Catering,CORP | Drop-Off And Boxed Lunch,headline,Catering Boxes For Your Team,,28
DB | Search | Corporate Office Catering,CORP | Drop-Off And Boxed Lunch,headline,Za'atar And Cheese Manoush,,26
DB | Search | Corporate Office Catering,CORP | Drop-Off And Boxed Lunch,headline,Spinach And Halloumi Pies,,25
DB | Search | Corporate Office Catering,CORP | Drop-Off And Boxed Lunch,headline,"Wraps, Drinks And Sweets",,24
DB | Search | Corporate Office Catering,CORP | Drop-Off And Boxed Lunch,description,Ask about drop-off catering for your office. Send the address and date and we'll confirm.,,89
DB | Search | Corporate Office Catering,CORP | Drop-Off And Boxed Lunch,description,Boxed lunch enquiries welcome. Send headcount and dietary needs for a quote.,,76
DB | Search | Corporate Office Catering,CORP | Drop-Off And Boxed Lunch,description,Mention allergies and dietary needs when you enquire and we'll talk them through with you.,,90
DB | Search | Corporate Office Catering,CORP | Drop-Off And Boxed Lunch,description,"Tell us the date, headcount and dietary needs and we'll come back with a quote.",,79
DB | Search | Corporate Office Catering,CORP | Meeting And Boardroom,headline,Meeting Catering Enquiries,,26
DB | Search | Corporate Office Catering,CORP | Meeting And Boardroom,headline,Boardroom Catering Quote,,24
DB | Search | Corporate Office Catering,CORP | Meeting And Boardroom,headline,Catering For Meetings,,21
DB | Search | Corporate Office Catering,CORP | Meeting And Boardroom,headline,Boardroom Lunch Catering,,24
DB | Search | Corporate Office Catering,CORP | Meeting And Boardroom,headline,Meeting Catering Quote,,22
DB | Search | Corporate Office Catering,CORP | Meeting And Boardroom,headline,Catering For Your Boardroom,,27
DB | Search | Corporate Office Catering,CORP | Meeting And Boardroom,headline,Plan Your Meeting Catering,,26
DB | Search | Corporate Office Catering,CORP | Meeting And Boardroom,headline,"Manoush, Pizza And Pies",,23
DB | Search | Corporate Office Catering,CORP | Meeting And Boardroom,headline,Catering Boxes For Your Team,,28
DB | Search | Corporate Office Catering,CORP | Meeting And Boardroom,headline,Za'atar And Cheese Manoush,,26
DB | Search | Corporate Office Catering,CORP | Meeting And Boardroom,headline,Spinach And Halloumi Pies,,25
DB | Search | Corporate Office Catering,CORP | Meeting And Boardroom,headline,"Wraps, Drinks And Sweets",,24
DB | Search | Corporate Office Catering,CORP | Meeting And Boardroom,headline,Catering For Offices,,20
DB | Search | Corporate Office Catering,CORP | Meeting And Boardroom,headline,Catering For Workplaces,,23
DB | Search | Corporate Office Catering,CORP | Meeting And Boardroom,headline,Catering For Teams,,18
DB | Search | Corporate Office Catering,CORP | Meeting And Boardroom,description,"Catering for meetings and boardroom lunches. Send the date, headcount and dietary needs.",,88
DB | Search | Corporate Office Catering,CORP | Meeting And Boardroom,description,Send your meeting details and we'll come back with a catering quote.,,68
DB | Search | Corporate Office Catering,CORP | Meeting And Boardroom,description,"Tell us the date, headcount and dietary needs and we'll come back with a quote.",,79
DB | Search | Corporate Office Catering,CORP | Meeting And Boardroom,description,"Dough Boss is a Lebanese bakery with stores in Revesby, Bankstown and Roselands Centro.",,87
DB | Search | Corporate Office Catering,CORP | Office Christmas Party,headline,Office Christmas Catering,,25
DB | Search | Corporate Office Catering,CORP | Office Christmas Party,headline,Christmas Party Catering,,24
DB | Search | Corporate Office Catering,CORP | Office Christmas Party,headline,Office Party Catering Quote,,27
DB | Search | Corporate Office Catering,CORP | Office Christmas Party,headline,End Of Year Office Party,,24
DB | Search | Corporate Office Catering,CORP | Office Christmas Party,headline,Plan Your Office Christmas,,26
DB | Search | Corporate Office Catering,CORP | Office Christmas Party,headline,Christmas Catering Enquiries,,28
DB | Search | Corporate Office Catering,CORP | Office Christmas Party,headline,Tell Us Your Party Date,,23
DB | Search | Corporate Office Catering,CORP | Office Christmas Party,headline,Spinach And Halloumi Pies,,25
DB | Search | Corporate Office Catering,CORP | Office Christmas Party,headline,"Wraps, Drinks And Sweets",,24
DB | Search | Corporate Office Catering,CORP | Office Christmas Party,headline,Catering For Offices,,20
DB | Search | Corporate Office Catering,CORP | Office Christmas Party,headline,Catering For Workplaces,,23
DB | Search | Corporate Office Catering,CORP | Office Christmas Party,headline,Catering For Teams,,18
DB | Search | Corporate Office Catering,CORP | Office Christmas Party,headline,Request A Catering Quote,,24
DB | Search | Corporate Office Catering,CORP | Office Christmas Party,headline,Get A Catering Quote,,20
DB | Search | Corporate Office Catering,CORP | Office Christmas Party,headline,Tell Us Date And Headcount,,26
DB | Search | Corporate Office Catering,CORP | Office Christmas Party,description,Planning an office Christmas party? Send the date and headcount for a quote.,,76
DB | Search | Corporate Office Catering,CORP | Office Christmas Party,description,End of year catering enquiries for your team. Tell us what you have in mind.,,76
DB | Search | Corporate Office Catering,CORP | Office Christmas Party,description,"Dough Boss is a Lebanese bakery with stores in Revesby, Bankstown and Roselands Centro.",,87
DB | Search | Corporate Office Catering,CORP | Office Christmas Party,description,Request a quote online or call your nearest store. Hours are on each store page.,,80
DB | Search | Corporate Office Catering,CORP | Office Breakfast And Morning Tea,headline,Office Breakfast Catering,,25
DB | Search | Corporate Office Catering,CORP | Office Breakfast And Morning Tea,headline,Morning Tea Catering,,20
DB | Search | Corporate Office Catering,CORP | Office Breakfast And Morning Tea,headline,Breakfast Meeting Catering,,26
DB | Search | Corporate Office Catering,CORP | Office Breakfast And Morning Tea,headline,Manoush For Your Breakfast,,26
DB | Search | Corporate Office Catering,CORP | Office Breakfast And Morning Tea,headline,Breakfast Catering Bankstown,,28
DB | Search | Corporate Office Catering,CORP | Office Breakfast And Morning Tea,headline,Office Breakfast Enquiries,,26
DB | Search | Corporate Office Catering,CORP | Office Breakfast And Morning Tea,headline,Morning Tea For Your Office,,27
DB | Search | Corporate Office Catering,CORP | Office Breakfast And Morning Tea,headline,Catering For Workplaces,,23
DB | Search | Corporate Office Catering,CORP | Office Breakfast And Morning Tea,headline,Catering For Teams,,18
DB | Search | Corporate Office Catering,CORP | Office Breakfast And Morning Tea,headline,Request A Catering Quote,,24
DB | Search | Corporate Office Catering,CORP | Office Breakfast And Morning Tea,headline,Get A Catering Quote,,20
DB | Search | Corporate Office Catering,CORP | Office Breakfast And Morning Tea,headline,Tell Us Date And Headcount,,26
DB | Search | Corporate Office Catering,CORP | Office Breakfast And Morning Tea,headline,Send Your Catering Enquiry,,26
DB | Search | Corporate Office Catering,CORP | Office Breakfast And Morning Tea,headline,Enquire Online Or By Phone,,26
DB | Search | Corporate Office Catering,CORP | Office Breakfast And Morning Tea,headline,Tell Us What You Need,,21
DB | Search | Corporate Office Catering,CORP | Office Breakfast And Morning Tea,description,"Office breakfast and morning tea enquiries. Tell us the date, headcount and dietary needs.",,90
DB | Search | Corporate Office Catering,CORP | Office Breakfast And Morning Tea,description,Manoush and savoury pies are on the Dough Boss menu. Ask what suits your meeting.,,81
DB | Search | Corporate Office Catering,CORP | Office Breakfast And Morning Tea,description,Request a quote online or call your nearest store. Hours are on each store page.,,80
DB | Search | Corporate Office Catering,CORP | Office Breakfast And Morning Tea,description,Mention allergies and dietary needs when you enquire and we'll talk them through with you.,,90
DB | Search | Event Function Catering,EVNT | Party And Function Catering,headline,Party Catering Enquiries,,24
DB | Search | Event Function Catering,EVNT | Party And Function Catering,headline,Function Catering Quote,,23
DB | Search | Event Function Catering,EVNT | Party And Function Catering,headline,Function Catering Bankstown,,27
DB | Search | Event Function Catering,EVNT | Party And Function Catering,headline,Party Catering Quote,,20
DB | Search | Event Function Catering,EVNT | Party And Function Catering,headline,Lebanese Party Catering,,23
DB | Search | Event Function Catering,EVNT | Party And Function Catering,headline,Catering For Your Function,,26
DB | Search | Event Function Catering,EVNT | Party And Function Catering,headline,Plan Your Party Catering,,24
DB | Search | Event Function Catering,EVNT | Party And Function Catering,headline,Get A Catering Quote,,20
DB | Search | Event Function Catering,EVNT | Party And Function Catering,headline,Tell Us Date And Headcount,,26
DB | Search | Event Function Catering,EVNT | Party And Function Catering,headline,Send Your Catering Enquiry,,26
DB | Search | Event Function Catering,EVNT | Party And Function Catering,headline,Enquire Online Or By Phone,,26
DB | Search | Event Function Catering,EVNT | Party And Function Catering,headline,Tell Us What You Need,,21
DB | Search | Event Function Catering,EVNT | Party And Function Catering,headline,Add Dietary Needs To Quote,,26
DB | Search | Event Function Catering,EVNT | Party And Function Catering,headline,Revesby Bankstown Roselands,,27
DB | Search | Event Function Catering,EVNT | Party And Function Catering,headline,Stores In South West Sydney,,27
DB | Search | Event Function Catering,EVNT | Party And Function Catering,description,"Party and function catering enquiries. Send the date, headcount and dietary needs.",,82
DB | Search | Event Function Catering,EVNT | Party And Function Catering,description,Planning a function? Send your details and we'll come back with a catering quote.,,81
DB | Search | Event Function Catering,EVNT | Party And Function Catering,description,Mention allergies and dietary needs when you enquire and we'll talk them through with you.,,90
DB | Search | Event Function Catering,EVNT | Party And Function Catering,description,"Tell us the date, headcount and dietary needs and we'll come back with a quote.",,79
DB | Search | Event Function Catering,EVNT | Birthday And Celebration,headline,Birthday Catering Enquiries,,27
DB | Search | Event Function Catering,EVNT | Birthday And Celebration,headline,Birthday Party Catering,,23
DB | Search | Event Function Catering,EVNT | Birthday And Celebration,headline,Catering For Birthdays,,22
DB | Search | Event Function Catering,EVNT | Birthday And Celebration,headline,Celebration Catering Quote,,26
DB | Search | Event Function Catering,EVNT | Birthday And Celebration,headline,Plan Your Celebration,,21
DB | Search | Event Function Catering,EVNT | Birthday And Celebration,headline,Tell Us Your Party Date,,23
DB | Search | Event Function Catering,EVNT | Birthday And Celebration,headline,Birthday Catering Bankstown,,27
DB | Search | Event Function Catering,EVNT | Birthday And Celebration,headline,Enquire Online Or By Phone,,26
DB | Search | Event Function Catering,EVNT | Birthday And Celebration,headline,Tell Us What You Need,,21
DB | Search | Event Function Catering,EVNT | Birthday And Celebration,headline,Add Dietary Needs To Quote,,26
DB | Search | Event Function Catering,EVNT | Birthday And Celebration,headline,Revesby Bankstown Roselands,,27
DB | Search | Event Function Catering,EVNT | Birthday And Celebration,headline,Stores In South West Sydney,,27
DB | Search | Event Function Catering,EVNT | Birthday And Celebration,headline,Dough Boss Lebanese Bakery,,26
DB | Search | Event Function Catering,EVNT | Birthday And Celebration,headline,Lebanese Bakery In Bankstown,,28
DB | Search | Event Function Catering,EVNT | Birthday And Celebration,headline,Call Your Nearest Dough Boss,,28
DB | Search | Event Function Catering,EVNT | Birthday And Celebration,description,"Birthday and celebration catering enquiries. Send the date, headcount and dietary needs.",,88
DB | Search | Event Function Catering,EVNT | Birthday And Celebration,description,Send your party details and we'll come back with a catering quote.,,66
DB | Search | Event Function Catering,EVNT | Birthday And Celebration,description,"Tell us the date, headcount and dietary needs and we'll come back with a quote.",,79
DB | Search | Event Function Catering,EVNT | Birthday And Celebration,description,"Dough Boss is a Lebanese bakery with stores in Revesby, Bankstown and Roselands Centro.",,87
DB | Search | Event Function Catering,EVNT | Pizza Catering And Group Orders,headline,Pizza Catering Enquiries,,24
DB | Search | Event Function Catering,EVNT | Pizza Catering And Group Orders,headline,Pizza Catering For Parties,,26
DB | Search | Event Function Catering,EVNT | Pizza Catering And Group Orders,headline,Large Group Pizza Orders,,24
DB | Search | Event Function Catering,EVNT | Pizza Catering And Group Orders,headline,Group Pizza Order Quote,,23
DB | Search | Event Function Catering,EVNT | Pizza Catering And Group Orders,headline,Lebanese Pizza Catering,,23
DB | Search | Event Function Catering,EVNT | Pizza Catering And Group Orders,headline,Pizza For Your Function,,23
DB | Search | Event Function Catering,EVNT | Pizza Catering And Group Orders,headline,Tell Us Your Group Size,,23
DB | Search | Event Function Catering,EVNT | Pizza Catering And Group Orders,headline,Revesby Bankstown Roselands,,27
DB | Search | Event Function Catering,EVNT | Pizza Catering And Group Orders,headline,Stores In South West Sydney,,27
DB | Search | Event Function Catering,EVNT | Pizza Catering And Group Orders,headline,Dough Boss Lebanese Bakery,,26
DB | Search | Event Function Catering,EVNT | Pizza Catering And Group Orders,headline,Lebanese Bakery In Bankstown,,28
DB | Search | Event Function Catering,EVNT | Pizza Catering And Group Orders,headline,Call Your Nearest Dough Boss,,28
DB | Search | Event Function Catering,EVNT | Pizza Catering And Group Orders,headline,"Manoush, Pizza And Pies",,23
DB | Search | Event Function Catering,EVNT | Pizza Catering And Group Orders,headline,Catering Boxes For Your Team,,28
DB | Search | Event Function Catering,EVNT | Pizza Catering And Group Orders,headline,Za'atar And Cheese Manoush,,26
DB | Search | Event Function Catering,EVNT | Pizza Catering And Group Orders,description,Pizza catering enquiries for parties and groups. Send the headcount and date for a quote.,,89
DB | Search | Event Function Catering,EVNT | Pizza Catering And Group Orders,description,"Big group order? Send the date, headcount and dietary needs and we'll quote.",,76
DB | Search | Event Function Catering,EVNT | Pizza Catering And Group Orders,description,"Dough Boss is a Lebanese bakery with stores in Revesby, Bankstown and Roselands Centro.",,87
DB | Search | Event Function Catering,EVNT | Pizza Catering And Group Orders,description,Request a quote online or call your nearest store. Hours are on each store page.,,80
DB | Search | Event Function Catering,EVNT | School And Community Events,headline,School Event Catering,,21
DB | Search | Event Function Catering,EVNT | School And Community Events,headline,Community Event Catering,,24
DB | Search | Event Function Catering,EVNT | School And Community Events,headline,Fundraiser Food Enquiries,,25
DB | Search | Event Function Catering,EVNT | School And Community Events,headline,Catering For School Events,,26
DB | Search | Event Function Catering,EVNT | School And Community Events,headline,Catering For Community Events,,29
DB | Search | Event Function Catering,EVNT | School And Community Events,headline,Event Catering Enquiries,,24
DB | Search | Event Function Catering,EVNT | School And Community Events,headline,Tell Us About Your Event,,24
DB | Search | Event Function Catering,EVNT | School And Community Events,headline,Lebanese Bakery In Bankstown,,28
DB | Search | Event Function Catering,EVNT | School And Community Events,headline,Call Your Nearest Dough Boss,,28
DB | Search | Event Function Catering,EVNT | School And Community Events,headline,"Manoush, Pizza And Pies",,23
DB | Search | Event Function Catering,EVNT | School And Community Events,headline,Catering Boxes For Your Team,,28
DB | Search | Event Function Catering,EVNT | School And Community Events,headline,Za'atar And Cheese Manoush,,26
DB | Search | Event Function Catering,EVNT | School And Community Events,headline,Spinach And Halloumi Pies,,25
DB | Search | Event Function Catering,EVNT | School And Community Events,headline,"Wraps, Drinks And Sweets",,24
DB | Search | Event Function Catering,EVNT | School And Community Events,headline,Catering For Functions,,22
DB | Search | Event Function Catering,EVNT | School And Community Events,description,School and community event catering enquiries. Send the date and headcount.,,75
DB | Search | Event Function Catering,EVNT | School And Community Events,description,Running a fundraiser or community event? Send your details for a quote.,,71
DB | Search | Event Function Catering,EVNT | School And Community Events,description,Request a quote online or call your nearest store. Hours are on each store page.,,80
DB | Search | Event Function Catering,EVNT | School And Community Events,description,Mention allergies and dietary needs when you enquire and we'll talk them through with you.,,90
DB | Search | Event Function Catering,EVNT | Lebanese Catering,headline,Lebanese Catering Enquiries,,27
DB | Search | Event Function Catering,EVNT | Lebanese Catering,headline,Lebanese Catering Sydney,,24
DB | Search | Event Function Catering,EVNT | Lebanese Catering,headline,Lebanese Catering Bankstown,,27
DB | Search | Event Function Catering,EVNT | Lebanese Catering,headline,Lebanese Bakery Catering,,24
DB | Search | Event Function Catering,EVNT | Lebanese Catering,headline,Catering From Lebanese Bakery,,29
DB | Search | Event Function Catering,EVNT | Lebanese Catering,headline,Lebanese Catering Quote,,23
DB | Search | Event Function Catering,EVNT | Lebanese Catering,headline,Lebanese Catering Revesby,,25
DB | Search | Event Function Catering,EVNT | Lebanese Catering,headline,Catering Boxes For Your Team,,28
DB | Search | Event Function Catering,EVNT | Lebanese Catering,headline,Za'atar And Cheese Manoush,,26
DB | Search | Event Function Catering,EVNT | Lebanese Catering,headline,Spinach And Halloumi Pies,,25
DB | Search | Event Function Catering,EVNT | Lebanese Catering,headline,"Wraps, Drinks And Sweets",,24
DB | Search | Event Function Catering,EVNT | Lebanese Catering,headline,Catering For Functions,,22
DB | Search | Event Function Catering,EVNT | Lebanese Catering,headline,Catering For Celebrations,,25
DB | Search | Event Function Catering,EVNT | Lebanese Catering,headline,Catering For Group Events,,25
DB | Search | Event Function Catering,EVNT | Lebanese Catering,headline,Request A Catering Quote,,24
DB | Search | Event Function Catering,EVNT | Lebanese Catering,description,"Lebanese bakery catering enquiries for offices, parties and functions. Ask for a quote.",,87
DB | Search | Event Function Catering,EVNT | Lebanese Catering,description,"Looking for Lebanese catering? Tell us the date, headcount and dietary needs.",,77
DB | Search | Event Function Catering,EVNT | Lebanese Catering,description,Mention allergies and dietary needs when you enquire and we'll talk them through with you.,,90
DB | Search | Event Function Catering,EVNT | Lebanese Catering,description,"Tell us the date, headcount and dietary needs and we'll come back with a quote.",,79
DB | Search | Event Function Catering,EVNT | Manoush And Pastry Catering,headline,Manoush Catering Enquiries,,26
DB | Search | Event Function Catering,EVNT | Manoush And Pastry Catering,headline,Bulk Manoush Enquiries,,22
DB | Search | Event Function Catering,EVNT | Manoush And Pastry Catering,headline,Za'atar Manoush Catering,,24
DB | Search | Event Function Catering,EVNT | Manoush And Pastry Catering,headline,Lahm Bi Ajin And Shanklish,,26
DB | Search | Event Function Catering,EVNT | Manoush And Pastry Catering,headline,Savoury Pastry Catering,,23
DB | Search | Event Function Catering,EVNT | Manoush And Pastry Catering,headline,Catering With Manoush,,21
DB | Search | Event Function Catering,EVNT | Manoush And Pastry Catering,headline,Ask About Bulk Orders,,21
DB | Search | Event Function Catering,EVNT | Manoush And Pastry Catering,headline,"Wraps, Drinks And Sweets",,24
DB | Search | Event Function Catering,EVNT | Manoush And Pastry Catering,headline,Catering For Functions,,22
DB | Search | Event Function Catering,EVNT | Manoush And Pastry Catering,headline,Catering For Celebrations,,25
DB | Search | Event Function Catering,EVNT | Manoush And Pastry Catering,headline,Catering For Group Events,,25
DB | Search | Event Function Catering,EVNT | Manoush And Pastry Catering,headline,Request A Catering Quote,,24
DB | Search | Event Function Catering,EVNT | Manoush And Pastry Catering,headline,Get A Catering Quote,,20
DB | Search | Event Function Catering,EVNT | Manoush And Pastry Catering,headline,Tell Us Date And Headcount,,26
DB | Search | Event Function Catering,EVNT | Manoush And Pastry Catering,headline,Send Your Catering Enquiry,,26
DB | Search | Event Function Catering,EVNT | Manoush And Pastry Catering,description,Manoush and savoury pies are on the Dough Boss menu. Ask how they fit your catering order.,,90
DB | Search | Event Function Catering,EVNT | Manoush And Pastry Catering,description,Planning a bigger manoush order? Send the date and headcount and we'll quote.,,77
DB | Search | Event Function Catering,EVNT | Manoush And Pastry Catering,description,"Tell us the date, headcount and dietary needs and we'll come back with a quote.",,79
DB | Search | Event Function Catering,EVNT | Manoush And Pastry Catering,description,"Dough Boss is a Lebanese bakery with stores in Revesby, Bankstown and Roselands Centro.",,87
DB | Search | Event Function Catering,EVNT | Mezze And Grazing,headline,Mezze Catering Enquiries,,24
DB | Search | Event Function Catering,EVNT | Mezze And Grazing,headline,Grazing Catering Enquiries,,26
DB | Search | Event Function Catering,EVNT | Mezze And Grazing,headline,Ask About Mezze Catering,,24
DB | Search | Event Function Catering,EVNT | Mezze And Grazing,headline,Ask About Grazing Catering,,26
DB | Search | Event Function Catering,EVNT | Mezze And Grazing,headline,Lebanese Mezze Catering,,23
DB | Search | Event Function Catering,EVNT | Mezze And Grazing,headline,Catering Boxes And Spreads,,26
DB | Search | Event Function Catering,EVNT | Mezze And Grazing,headline,Grazing Table Enquiries,,23
DB | Search | Event Function Catering,EVNT | Mezze And Grazing,headline,Catering For Group Events,,25
DB | Search | Event Function Catering,EVNT | Mezze And Grazing,headline,Request A Catering Quote,,24
DB | Search | Event Function Catering,EVNT | Mezze And Grazing,headline,Get A Catering Quote,,20
DB | Search | Event Function Catering,EVNT | Mezze And Grazing,headline,Tell Us Date And Headcount,,26
DB | Search | Event Function Catering,EVNT | Mezze And Grazing,headline,Send Your Catering Enquiry,,26
DB | Search | Event Function Catering,EVNT | Mezze And Grazing,headline,Enquire Online Or By Phone,,26
DB | Search | Event Function Catering,EVNT | Mezze And Grazing,headline,Tell Us What You Need,,21
DB | Search | Event Function Catering,EVNT | Mezze And Grazing,headline,Add Dietary Needs To Quote,,26
DB | Search | Event Function Catering,EVNT | Mezze And Grazing,description,"Ask about mezze and grazing catering. Send the date, headcount and dietary needs.",,81
DB | Search | Event Function Catering,EVNT | Mezze And Grazing,description,Catering boxes and spreads from a Lebanese bakery. Send your details for a quote.,,81
DB | Search | Event Function Catering,EVNT | Mezze And Grazing,description,"Dough Boss is a Lebanese bakery with stores in Revesby, Bankstown and Roselands Centro.",,87
DB | Search | Event Function Catering,EVNT | Mezze And Grazing,description,Request a quote online or call your nearest store. Hours are on each store page.,,80
DB | Search | Local Store Areas Catering,LOCL | Catering Revesby,headline,Catering Revesby,,16
DB | Search | Local Store Areas Catering,LOCL | Catering Revesby,headline,Catering Near Revesby,,21
DB | Search | Local Store Areas Catering,LOCL | Catering Revesby,headline,Revesby Catering Enquiries,,26
DB | Search | Local Store Areas Catering,LOCL | Catering Revesby,headline,Dough Boss Revesby,,18
DB | Search | Local Store Areas Catering,LOCL | Catering Revesby,headline,12/25 Selems Parade Revesby,,27
DB | Search | Local Store Areas Catering,LOCL | Catering Revesby,headline,Call (02) 9774 2286,,19
DB | Search | Local Store Areas Catering,LOCL | Catering Revesby,headline,Open 7 Days At Revesby,,22
DB | Search | Local Store Areas Catering,LOCL | Catering Revesby,headline,Revesby Catering Quote,,22
DB | Search | Local Store Areas Catering,LOCL | Catering Revesby,headline,Send Your Catering Enquiry,,26
DB | Search | Local Store Areas Catering,LOCL | Catering Revesby,headline,Enquire Online Or By Phone,,26
DB | Search | Local Store Areas Catering,LOCL | Catering Revesby,headline,Tell Us What You Need,,21
DB | Search | Local Store Areas Catering,LOCL | Catering Revesby,headline,Add Dietary Needs To Quote,,26
DB | Search | Local Store Areas Catering,LOCL | Catering Revesby,headline,"Catering For Offices, Events",,28
DB | Search | Local Store Areas Catering,LOCL | Catering Revesby,headline,Catering For Teams And Parties,,30
DB | Search | Local Store Areas Catering,LOCL | Catering Revesby,headline,Dough Boss Lebanese Bakery,,26
DB | Search | Local Store Areas Catering,LOCL | Catering Revesby,description,"Dough Boss Revesby, 12/25 Selems Parade. Call (02) 9774 2286 or request a quote online.",,87
DB | Search | Local Store Areas Catering,LOCL | Catering Revesby,description,"Revesby catering enquiries start here. Tell us the date, headcount and dietary needs.",,85
DB | Search | Local Store Areas Catering,LOCL | Catering Revesby,description,Request a quote online or call your nearest store. Hours are on each store page.,,80
DB | Search | Local Store Areas Catering,LOCL | Catering Revesby,description,Mention allergies and dietary needs when you enquire and we'll talk them through with you.,,90
DB | Search | Local Store Areas Catering,LOCL | Catering Bankstown,headline,Catering Bankstown,,18
DB | Search | Local Store Areas Catering,LOCL | Catering Bankstown,headline,Catering Near Bankstown,,23
DB | Search | Local Store Areas Catering,LOCL | Catering Bankstown,headline,Bankstown Catering Enquiries,,28
DB | Search | Local Store Areas Catering,LOCL | Catering Bankstown,headline,Dough Boss Bankstown,,20
DB | Search | Local Store Areas Catering,LOCL | Catering Bankstown,headline,462 Chapel Rd Bankstown,,23
DB | Search | Local Store Areas Catering,LOCL | Catering Bankstown,headline,Call (02) 8764 6783,,19
DB | Search | Local Store Areas Catering,LOCL | Catering Bankstown,headline,Bankstown Open Mon To Fri,,25
DB | Search | Local Store Areas Catering,LOCL | Catering Bankstown,headline,Bankstown Catering Quote,,24
DB | Search | Local Store Areas Catering,LOCL | Catering Bankstown,headline,Add Dietary Needs To Quote,,26
DB | Search | Local Store Areas Catering,LOCL | Catering Bankstown,headline,"Catering For Offices, Events",,28
DB | Search | Local Store Areas Catering,LOCL | Catering Bankstown,headline,Catering For Teams And Parties,,30
DB | Search | Local Store Areas Catering,LOCL | Catering Bankstown,headline,Dough Boss Lebanese Bakery,,26
DB | Search | Local Store Areas Catering,LOCL | Catering Bankstown,headline,Stores In South West Sydney,,27
DB | Search | Local Store Areas Catering,LOCL | Catering Bankstown,headline,Revesby Bankstown Roselands,,27
DB | Search | Local Store Areas Catering,LOCL | Catering Bankstown,headline,"Manoush, Pizza And Pies",,23
DB | Search | Local Store Areas Catering,LOCL | Catering Bankstown,description,"Dough Boss Bankstown, 462 Chapel Rd. Call (02) 8764 6783 or request a quote online.",,83
DB | Search | Local Store Areas Catering,LOCL | Catering Bankstown,description,"Bankstown catering enquiries start here. Tell us the date, headcount and dietary needs.",,87
DB | Search | Local Store Areas Catering,LOCL | Catering Bankstown,description,Mention allergies and dietary needs when you enquire and we'll talk them through with you.,,90
DB | Search | Local Store Areas Catering,LOCL | Catering Bankstown,description,"Tell us the date, headcount and dietary needs and we'll come back with a quote.",,79
DB | Search | Local Store Areas Catering,LOCL | Catering Roselands,headline,Catering Roselands,,18
DB | Search | Local Store Areas Catering,LOCL | Catering Roselands,headline,Catering Near Roselands,,23
DB | Search | Local Store Areas Catering,LOCL | Catering Roselands,headline,Roselands Catering Enquiries,,28
DB | Search | Local Store Areas Catering,LOCL | Catering Roselands,headline,Dough Boss Roselands Centro,,27
DB | Search | Local Store Areas Catering,LOCL | Catering Roselands,headline,Shop MM03 Roselands Dr,,22
DB | Search | Local Store Areas Catering,LOCL | Catering Roselands,headline,Call 0466 353 133,,17
DB | Search | Local Store Areas Catering,LOCL | Catering Roselands,headline,Open Daily At Roselands,,23
DB | Search | Local Store Areas Catering,LOCL | Catering Roselands,headline,Roselands Catering Quote,,24
DB | Search | Local Store Areas Catering,LOCL | Catering Roselands,headline,Dough Boss Lebanese Bakery,,26
DB | Search | Local Store Areas Catering,LOCL | Catering Roselands,headline,Stores In South West Sydney,,27
DB | Search | Local Store Areas Catering,LOCL | Catering Roselands,headline,Revesby Bankstown Roselands,,27
DB | Search | Local Store Areas Catering,LOCL | Catering Roselands,headline,"Manoush, Pizza And Pies",,23
DB | Search | Local Store Areas Catering,LOCL | Catering Roselands,headline,Request A Catering Quote,,24
DB | Search | Local Store Areas Catering,LOCL | Catering Roselands,headline,Get A Catering Quote,,20
DB | Search | Local Store Areas Catering,LOCL | Catering Roselands,headline,Tell Us Date And Headcount,,26
DB | Search | Local Store Areas Catering,LOCL | Catering Roselands,description,"Dough Boss Roselands Centro, Shop MM03 Roselands Dr. Call 0466 353 133 or request a quote.",,90
DB | Search | Local Store Areas Catering,LOCL | Catering Roselands,description,"Roselands catering enquiries start here. Tell us the date, headcount and dietary needs.",,87
DB | Search | Local Store Areas Catering,LOCL | Catering Roselands,description,"Tell us the date, headcount and dietary needs and we'll come back with a quote.",,79
DB | Search | Local Store Areas Catering,LOCL | Catering Roselands,description,"Dough Boss is a Lebanese bakery with stores in Revesby, Bankstown and Roselands Centro.",,87
DB | Search | Local Store Areas Catering,LOCL | Catering South West And Near Me,headline,Catering Near Me,,16
DB | Search | Local Store Areas Catering,LOCL | Catering South West And Near Me,headline,Catering South West Sydney,,26
DB | Search | Local Store Areas Catering,LOCL | Catering South West And Near Me,headline,Catering Canterbury Bankstown,,29
DB | Search | Local Store Areas Catering,LOCL | Catering South West And Near Me,headline,South West Sydney Catering,,26
DB | Search | Local Store Areas Catering,LOCL | Catering South West And Near Me,headline,Three Stores To Call,,20
DB | Search | Local Store Areas Catering,LOCL | Catering South West And Near Me,headline,Catering Enquiries Online,,25
DB | Search | Local Store Areas Catering,LOCL | Catering South West And Near Me,headline,Catering Quote Request,,22
DB | Search | Local Store Areas Catering,LOCL | Catering South West And Near Me,headline,"Manoush, Pizza And Pies",,23
DB | Search | Local Store Areas Catering,LOCL | Catering South West And Near Me,headline,Request A Catering Quote,,24
DB | Search | Local Store Areas Catering,LOCL | Catering South West And Near Me,headline,Get A Catering Quote,,20
DB | Search | Local Store Areas Catering,LOCL | Catering South West And Near Me,headline,Tell Us Date And Headcount,,26
DB | Search | Local Store Areas Catering,LOCL | Catering South West And Near Me,headline,Send Your Catering Enquiry,,26
DB | Search | Local Store Areas Catering,LOCL | Catering South West And Near Me,headline,Enquire Online Or By Phone,,26
DB | Search | Local Store Areas Catering,LOCL | Catering South West And Near Me,headline,Tell Us What You Need,,21
DB | Search | Local Store Areas Catering,LOCL | Catering South West And Near Me,headline,Add Dietary Needs To Quote,,26
DB | Search | Local Store Areas Catering,LOCL | Catering South West And Near Me,description,"Catering enquiries for offices, parties and functions. Tell us where you are.",,77
DB | Search | Local Store Areas Catering,LOCL | Catering South West And Near Me,description,"Three Dough Boss stores in Revesby, Bankstown and Roselands Centro. Ask about catering.",,87
DB | Search | Local Store Areas Catering,LOCL | Catering South West And Near Me,description,"Dough Boss is a Lebanese bakery with stores in Revesby, Bankstown and Roselands Centro.",,87
DB | Search | Local Store Areas Catering,LOCL | Catering South West And Near Me,description,Request a quote online or call your nearest store. Hours are on each store page.,,80
DB | Search | Brand,BRND | Dough Boss Brand,headline,Dough Boss,1,10
DB | Search | Brand,BRND | Dough Boss Brand,headline,Dough Boss Lebanese Bakery,1,26
DB | Search | Brand,BRND | Dough Boss Brand,headline,Dough Boss Revesby,,18
DB | Search | Brand,BRND | Dough Boss Brand,headline,Dough Boss Bankstown,,20
DB | Search | Brand,BRND | Dough Boss Brand,headline,Dough Boss Roselands Centro,,27
DB | Search | Brand,BRND | Dough Boss Brand,headline,Dough Boss Official Site,,24
DB | Search | Brand,BRND | Dough Boss Brand,headline,Open 7 Days At Revesby,,22
DB | Search | Brand,BRND | Dough Boss Brand,headline,Bankstown Open Mon To Fri,,25
DB | Search | Brand,BRND | Dough Boss Brand,headline,Roselands Open Daily,,20
DB | Search | Brand,BRND | Dough Boss Brand,headline,Store Addresses And Hours,,25
DB | Search | Brand,BRND | Dough Boss Brand,headline,Find Your Nearest Store,,23
DB | Search | Brand,BRND | Dough Boss Brand,headline,Call (02) 9774 2286,,19
DB | Search | Brand,BRND | Dough Boss Brand,headline,"Manoush, Pizza And Pies",,23
DB | Search | Brand,BRND | Dough Boss Brand,headline,Catering Enquiries Welcome,,26
DB | Search | Brand,BRND | Dough Boss Brand,headline,Revesby Bankstown Roselands,,27
DB | Search | Brand,BRND | Dough Boss Brand,description,"Dough Boss Lebanese bakery. Store addresses, hours and phone numbers for all three stores.",,90
DB | Search | Brand,BRND | Dough Boss Brand,description,"Revesby, 12/25 Selems Parade. Bankstown, 462 Chapel Rd. Roselands, Shop MM03 Roselands Dr.",,90
DB | Search | Brand,BRND | Dough Boss Brand,description,"Catering enquiries welcome. Tell us the date, headcount and dietary needs for a quote.",,86
DB | Search | Brand,BRND | Dough Boss Brand,description,"Manoush, pizza and savoury pies at Dough Boss. Check store hours before you visit.",,82
DB | Search | Brand,BRND | Dough Boss Catering,headline,Dough Boss Catering,1,19
DB | Search | Brand,BRND | Dough Boss Catering,headline,Dough Boss Catering Enquiry,,27
DB | Search | Brand,BRND | Dough Boss Catering,headline,Dough Boss Catering Quote,,25
DB | Search | Brand,BRND | Dough Boss Catering,headline,Dough Boss Bankstown Catering,,29
DB | Search | Brand,BRND | Dough Boss Catering,headline,Dough Boss Revesby Catering,,27
DB | Search | Brand,BRND | Dough Boss Catering,headline,Catering From Dough Boss,,24
DB | Search | Brand,BRND | Dough Boss Catering,headline,Request A Catering Quote,,24
DB | Search | Brand,BRND | Dough Boss Catering,headline,Get A Catering Quote,,20
DB | Search | Brand,BRND | Dough Boss Catering,headline,Tell Us Date And Headcount,,26
DB | Search | Brand,BRND | Dough Boss Catering,headline,Send Your Catering Enquiry,,26
DB | Search | Brand,BRND | Dough Boss Catering,headline,Enquire Online Or By Phone,,26
DB | Search | Brand,BRND | Dough Boss Catering,headline,Lebanese Bakery Catering,,24
DB | Search | Brand,BRND | Dough Boss Catering,headline,Corporate And Event Catering,,28
DB | Search | Brand,BRND | Dough Boss Catering,headline,Office Breakfast Catering,,25
DB | Search | Brand,BRND | Dough Boss Catering,headline,Revesby Bankstown Roselands,,27
DB | Search | Brand,BRND | Dough Boss Catering,description,"Catering from Dough Boss. Tell us the date, headcount and dietary needs for a quote.",,84
DB | Search | Brand,BRND | Dough Boss Catering,description,"Corporate, office breakfast and event catering enquiries. Request your quote online.",,84
DB | Search | Brand,BRND | Dough Boss Catering,description,"Dough Boss is a Lebanese bakery with stores in Revesby, Bankstown and Roselands Centro.",,87
DB | Search | Brand,BRND | Dough Boss Catering,description,Prefer to talk it through? Call your nearest store. Hours are on each store page.,,81
DB | Search | Minis Waitlist (Later),MINI | Finger Food And Party Bites,headline,Join The Minis Waitlist,1,23
DB | Search | Minis Waitlist (Later),MINI | Finger Food And Party Bites,headline,Minis Party Bites Waitlist,,26
DB | Search | Minis Waitlist (Later),MINI | Finger Food And Party Bites,headline,Dough Boss Minis,,16
DB | Search | Minis Waitlist (Later),MINI | Finger Food And Party Bites,headline,Minis Waitlist Sign-Up,,22
DB | Search | Minis Waitlist (Later),MINI | Finger Food And Party Bites,headline,Minis From Dough Boss,,21
DB | Search | Minis Waitlist (Later),MINI | Finger Food And Party Bites,headline,Dough Boss Lebanese Bakery,,26
DB | Search | Minis Waitlist (Later),MINI | Finger Food And Party Bites,headline,Revesby Bankstown Roselands,,27
DB | Search | Minis Waitlist (Later),MINI | Finger Food And Party Bites,headline,Join The Waitlist Online,,24
DB | Search | Minis Waitlist (Later),MINI | Finger Food And Party Bites,headline,Sign Up For Minis Updates,,25
DB | Search | Minis Waitlist (Later),MINI | Finger Food And Party Bites,headline,Minis Updates By Email,,22
DB | Search | Minis Waitlist (Later),MINI | Finger Food And Party Bites,headline,Party Food Waitlist,,19
DB | Search | Minis Waitlist (Later),MINI | Finger Food And Party Bites,headline,Finger Food Waitlist,,20
DB | Search | Minis Waitlist (Later),MINI | Finger Food And Party Bites,headline,Be In The Loop On Minis,,23
DB | Search | Minis Waitlist (Later),MINI | Finger Food And Party Bites,headline,Minis Party Bites,,17
DB | Search | Minis Waitlist (Later),MINI | Finger Food And Party Bites,headline,Waitlist Open Online,,20
DB | Search | Minis Waitlist (Later),MINI | Finger Food And Party Bites,description,Minis party bites are on a waitlist for now. Join online and we'll be in touch.,1,79
DB | Search | Minis Waitlist (Later),MINI | Finger Food And Party Bites,description,Join the Minis waitlist and we'll tell you more when we have it. Unsubscribe any time.,,86
DB | Search | Minis Waitlist (Later),MINI | Finger Food And Party Bites,description,"Dough Boss is a Lebanese bakery with stores in Revesby, Bankstown and Roselands Centro.",,87
DB | Search | Minis Waitlist (Later),MINI | Finger Food And Party Bites,description,Need party food sooner? Call your nearest Dough Boss store and ask about catering.,,82
DB | Search | Minis Waitlist (Later),MINI | Mini Pizza,headline,Join The Minis Waitlist,1,23
DB | Search | Minis Waitlist (Later),MINI | Mini Pizza,headline,Minis Party Bites Waitlist,,26
DB | Search | Minis Waitlist (Later),MINI | Mini Pizza,headline,Dough Boss Minis,,16
DB | Search | Minis Waitlist (Later),MINI | Mini Pizza,headline,Minis Waitlist Sign-Up,,22
DB | Search | Minis Waitlist (Later),MINI | Mini Pizza,headline,Minis From Dough Boss,,21
DB | Search | Minis Waitlist (Later),MINI | Mini Pizza,headline,Dough Boss Lebanese Bakery,,26
DB | Search | Minis Waitlist (Later),MINI | Mini Pizza,headline,Revesby Bankstown Roselands,,27
DB | Search | Minis Waitlist (Later),MINI | Mini Pizza,headline,Join The Waitlist Online,,24
DB | Search | Minis Waitlist (Later),MINI | Mini Pizza,headline,Sign Up For Minis Updates,,25
DB | Search | Minis Waitlist (Later),MINI | Mini Pizza,headline,Minis Updates By Email,,22
DB | Search | Minis Waitlist (Later),MINI | Mini Pizza,headline,Mini Pizza Waitlist,,19
DB | Search | Minis Waitlist (Later),MINI | Mini Pizza,headline,Mini Party Bites Waitlist,,25
DB | Search | Minis Waitlist (Later),MINI | Mini Pizza,headline,Be In The Loop On Minis,,23
DB | Search | Minis Waitlist (Later),MINI | Mini Pizza,headline,Minis Party Bites,,17
DB | Search | Minis Waitlist (Later),MINI | Mini Pizza,headline,Waitlist Open Online,,20
DB | Search | Minis Waitlist (Later),MINI | Mini Pizza,description,Minis party bites are on a waitlist for now. Join online and we'll be in touch.,1,79
DB | Search | Minis Waitlist (Later),MINI | Mini Pizza,description,Join the Minis waitlist and we'll tell you more when we have it. Unsubscribe any time.,,86
DB | Search | Minis Waitlist (Later),MINI | Mini Pizza,description,"Dough Boss is a Lebanese bakery with stores in Revesby, Bankstown and Roselands Centro.",,87
DB | Search | Minis Waitlist (Later),MINI | Mini Pizza,description,Need party food sooner? Call your nearest Dough Boss store and ask about catering.,,82
