campaign,ad_set,ad,primary_text,headline,description,cta,final_url,notes
DB | Meta | Leads | Corporate Office,CORP | Bankstown catchment,CORP-BKT-01 office-breakfast photo-a,"Booking breakfast for the office? Tell us the date, headcount and dietary needs and we'll come back with a quote. Our Bankstown store is at 462 Chapel Rd.","Office breakfast, quoted",Request a catering quote,Get quote,https://doughboss.com.au/catering/office-breakfast?utm_source=meta&utm_medium=paid-social&utm_campaign=corporate-office-breakfast-bankstown&utm_content=bankstown-breakfast-photo-a,angle=office-breakfast; Real photo of an assembled breakfast order at a desk (shot list P1). Relies on typed store address and the owner-published catering offer.
DB | Meta | Leads | Corporate Office,CORP | Bankstown catchment,CORP-BKT-02 office-breakfast video-a,Morning meeting on the calendar? Send us the details and we'll come back with a quote for the breakfast. Dough Boss is a Lebanese bakery in Bankstown.,Breakfast for the team,See how to enquire,Learn more,https://doughboss.com.au/catering/office-breakfast?utm_source=meta&utm_medium=paid-social&utm_campaign=corporate-office-breakfast-bankstown&utm_content=bankstown-breakfast-video-a,angle=office-breakfast; Vertical video V1 with burned-in captions. Hook variant against 01 (question about the meeting instead of the booking).
DB | Meta | Leads | Corporate Office,CORP | Bankstown catchment,CORP-BKT-03 team-lunch photo-a,"Team lunch to organise? Tell us the date, headcount and dietary needs and we'll come back with a quote. Dough Boss is a Lebanese bakery with stores in Revesby, Bankstown and Roselands Centro.",Team lunch enquiries,Request a catering quote,Get quote,https://doughboss.com.au/catering/corporate?utm_source=meta&utm_medium=paid-social&utm_campaign=corporate-team-lunch-bankstown&utm_content=bankstown-lunch-photo-a,angle=team-lunch; Real photo of a lunch order laid out for a team (shot list P2).
DB | Meta | Leads | Corporate Office,CORP | Bankstown catchment,CORP-BKT-04 meeting-spread photo-a,Training day or board meeting coming up? Tell us what you need and we'll come back with a quote. Our Bankstown store is at 462 Chapel Rd.,Catering for meetings,Ask about meeting catering,Learn more,https://doughboss.com.au/catering/corporate?utm_source=meta&utm_medium=paid-social&utm_campaign=corporate-meeting-spread-bankstown&utm_content=bankstown-meeting-photo-a,"angle=meeting-spread; Real photo of a meeting-room table order (shot list P3). Aimed at executive assistants and facilities roles, as a suggestion only."
DB | Meta | Leads | Corporate Office,CORP | Revesby catchment,CORP-REV-01 office-breakfast photo-a,"Breakfast for the team at work? Tell us the date, headcount and dietary needs and we'll come back with a quote. Dough Boss Revesby is at 12/25 Selems Parade.",Revesby office breakfast,Request a catering quote,Get quote,https://doughboss.com.au/catering/office-breakfast?utm_source=meta&utm_medium=paid-social&utm_campaign=corporate-office-breakfast-revesby&utm_content=revesby-breakfast-photo-a,angle=office-breakfast; Real photo (shot list P1) taken at or near the Revesby store.
DB | Meta | Leads | Corporate Office,CORP | Revesby catchment,CORP-REV-02 team-lunch photo-a,"Feeding a crew or an office at lunch? Send us the date, headcount and dietary needs and we'll come back with a quote. Dough Boss is a Lebanese bakery in Revesby.",Team lunch enquiries,Request a catering quote,Get quote,https://doughboss.com.au/catering/corporate?utm_source=meta&utm_medium=paid-social&utm_campaign=corporate-team-lunch-revesby&utm_content=revesby-lunch-photo-a,angle=team-lunch; Real photo (shot list P2). Copy speaks to depot and trade teams without naming any employer.
DB | Meta | Leads | Corporate Office,CORP | Revesby catchment,CORP-REV-03 meeting-spread video-a,Planning a site day or a team meeting? Tell us the date and headcount and we'll come back with a quote. Our Revesby store is at 12/25 Selems Parade.,Catering for team days,Ask about team catering,Learn more,https://doughboss.com.au/catering/corporate?utm_source=meta&utm_medium=paid-social&utm_campaign=corporate-meeting-spread-revesby&utm_content=revesby-meeting-video-a,angle=meeting-spread; Vertical video V2 (handover and unpacking).
DB | Meta | Leads | Corporate Office,CORP | Roselands catchment,CORP-ROS-01 team-lunch photo-a,"Team event near Roselands? Tell us the date, headcount and dietary needs and we'll come back with a quote. Dough Boss Roselands Centro is on Roselands Dr.",Team lunch enquiries,Request a catering quote,Get quote,https://doughboss.com.au/catering/corporate?utm_source=meta&utm_medium=paid-social&utm_campaign=corporate-team-lunch-roselands&utm_content=roselands-lunch-photo-a,angle=team-lunch; HELD with its ad set until Elie confirms Roselands will take corporate catering enquiries.
DB | Meta | Leads | Events and Parties,EVNT | Three-store catchment,EVNT-ALL-01 event-party photo-a,"Planning an event or a party? Tell us the date, headcount and dietary needs and we'll come back with a quote. Dough Boss is a Lebanese bakery with stores in Revesby, Bankstown and Roselands Centro.",Event catering quotes,Request a catering quote,Get quote,https://doughboss.com.au/catering/events?utm_source=meta&utm_medium=paid-social&utm_campaign=events-party-catering-all-stores&utm_content=events-party-photo-a,angle=event-party; Real photo of a party-table order (shot list P4).
DB | Meta | Leads | Events and Parties,EVNT | Three-store catchment,EVNT-ALL-02 event-party photo-b,"Birthday, farewell or end-of-year event? Send us the date and headcount and we'll come back with a quote. Add any dietary needs when you enquire.",Catering for your event,Request a catering quote,Get quote,https://doughboss.com.au/catering/events?utm_source=meta&utm_medium=paid-social&utm_campaign=events-party-catering-all-stores&utm_content=events-farewell-photo-b,"angle=event-party; Second event hook, same page. Compare against 01 in the creative test."
DB | Meta | Leads | Events and Parties,EVNT | Three-store catchment,EVNT-ALL-03 event-community video-a,"Hosting a school or community event? Tell us the date, headcount and dietary needs and we'll come back with a quote. Dough Boss has three stores in the south-west.",Community event catering,Ask about event catering,Learn more,https://doughboss.com.au/catering/events?utm_source=meta&utm_medium=paid-social&utm_campaign=events-community-catering-all-stores&utm_content=events-community-video-a,"angle=event-community; Speaks to organisers, never to children. Check the audience is adults (see audiences.md). Confirm 'three stores in the south-west' reads as store facts only, not a service area."
DB | Meta | Leads | Events and Parties,EVNT | Three-store catchment,EVNT-ALL-04 event-party video-a,Got a date and a guest list? Send them over and we'll come back with a quote. Tell us about any allergies or dietary needs when you enquire.,Send us your event details,Request a catering quote,Contact us,https://doughboss.com.au/catering/events?utm_source=meta&utm_medium=paid-social&utm_campaign=events-party-catering-all-stores&utm_content=events-party-video-a,angle=event-party; Vertical video V3. Allergen language asks for information and promises nothing about allergen-free food.
DB | Meta | Leads | Coming Soon List,SOON | Three-store catchment,SOON-ALL-01 coming-soon graphic-a,Something exciting is coming to Dough Boss. Join the list to be first to know.,Something exciting is coming,Be first to know,Sign up,https://doughboss.com.au/?utm_source=meta&utm_medium=paid-social&utm_campaign=coming-soon-list-all-stores&utm_content=coming-soon-graphic-a,"angle=coming-soon; HELD. Generic awareness only (docs/site/teaser-direction.md). No product, price, size, dietary, halal, ingredient, date or location claim. Creative is a text-led brand graphic with no food image. Consent is collected on the landing page, separate and unticked. [CONFIRM: Elie approves this ad; teaser section and waitlist live; exact landing anchor.]"
DB | Meta | Leads | Warm Retarget,WARM | Catering page visitors,WARM-ALL-01 catering-enquiry photo-a,"Still planning the catering? Tell us the date, headcount and dietary needs and we'll come back with a quote.",Finish your catering enquiry,Request a catering quote,Get quote,https://doughboss.com.au/catering?utm_source=meta&utm_medium=paid-social&utm_campaign=warm-catering-enquiry-all-stores&utm_content=warm-enquiry-photo-a,angle=catering-enquiry; HELD until the consented pixel audience exists and is large enough to deliver (see audiences.md).
DB | Meta | Leads | Warm Retarget,WARM | Catering page visitors,WARM-ALL-02 catering-question video-a,"Questions about catering? Tell us what you need and we'll reply with a quote. Dough Boss is a Lebanese bakery in Revesby, Bankstown and Roselands Centro.",Ask us about catering,Talk to a Dough Boss store,Contact us,https://doughboss.com.au/catering?utm_source=meta&utm_medium=paid-social&utm_campaign=warm-catering-enquiry-all-stores&utm_content=warm-question-video-a,angle=catering-question; HELD. Same audience as 01; tests a question hook against a reminder hook.
